image,short_descriptions,long_descriptions,prompt
1_1428_scat.jpg,"[""The image shows old, heavily ridged multi-year ice with weathered hummocks and refrozen melt ponds forming bright patches. The ice appears to be in a melting phase, as indicated by the presence of melt ponds and the rough surface texture. The ice's age and the presence of melt ponds suggest that it has experienced significant melting and refreezing events over time.""]","[""The image displays a section of old, heavily ridged multi-year ice with weathered hummocks. The ice exhibits a pale blue color, indicating that it has been exposed to the atmosphere for an extended period. The surface is rough and ridged, with numerous melt ponds and drainage channels visible throughout the ice. The presence of refrozen melt crusts and the surrounding context of embedded brash ice and younger ice edges suggest that the ice has been in a melting phase, with some parts refreezing and others still melting. The ice's persistence and the extent of melting can be inferred from the observed features, indicating that the ice has experienced a significant amount of time in the ocean and has undergone multiple melting and refreezing cycles. In which section can we detect the heavily ridged multi-year floe appear as the least consolidated structure?""]","""""""
You are an expert in polar oceanography and marine remote sensing, specializing in the study of multi-year (old) sea ice.

Your task: Analyze the given old ice images and write a clear, factual visual description.

Rules:
1. Describe ONLY what is visually observable  do NOT infer unseen layers or thickness without visible evidence.
2. Focus on distinct surface and structural indicators of aged ice, such as:
   - color (pale blue, white with grey tones, or refrozen melt patches),
   - surface texture (heavily hummocked, rough, ridged, or fractured),
   - presence of melt ponds, drainage channels, or refrozen melt crusts,
   - surrounding context (embedded brash ice, younger ice edges, open leads).
3. Use precise cryospheric terminology (e.g., heavily ridged multi-year ice with weathered hummocks, refrozen melt ponds forming bright patches, rough-surfaced floe with differential melting).
4. Avoid references to humans, wildlife, or vessels unless explicitly visible and necessary for scale reference.
5. Include reasoning: briefly interpret what observed features may indicate about the ices persistence, salinity loss, or melting phase (e.g., smoother refrozen surfaces suggest prior summer melt and consolidation).
6. Maintain an objective, technical tone suitable for scientific sea-ice monitoring or remote sensing analysis.
"""""""
1_1429_scat.jpg,"['The image displays old, heavily ridged multi-year ice with weathered hummocks, indicating that the ice has experienced significant melting and refreezing events. The blue color and rough surface texture suggest that the ice has been exposed to the atmosphere for an extended period, leading to the formation of refrozen melt ponds and differential melting.']","['The image displays a large area of old, heavily ridged multi-year ice with weathered hummocks. The ice exhibits a pale blue color, indicating that it has been exposed to the atmosphere for an extended period. The surface is rough and ridged, with numerous melt ponds and drainage channels visible, suggesting that the ice has experienced significant melting and refreezing events. The presence of refrozen melt crusts further supports this interpretation. The surrounding context includes embedded brash ice and younger ice edges, as well as open leads, indicating that the ice is in a dynamic state. Overall, the image suggests that the ice has persisted for a considerable time, experiencing various stages of melting and refreezing, which has led to its current state. Which part of the image shows the presence of refrozen melt ponds be most noticeable?']",
1_1922_scat.jpg,"['The image displays a blue ocean with a large area of old, multi-year sea ice. The ice exhibits a pale blue color and rough, ridged surface texture, indicating its age and exposure to the elements. The ice is interspersed with melt ponds and drainage channels, suggesting that it has experienced melting and refreezing over time. The presence of older ice edges and embedded brash ice further supports the notion that this is a large expanse of']","['The image displays a large area of old, multi-year sea ice with a pale blue color and rough, ridged surface texture. The ice exhibits numerous melt ponds and drainage channels, indicating that the ice has been exposed to warm temperatures and melting processes. The presence of refrozen melt crusts suggests that the ice has experienced multiple melting and freezing cycles. The ice is surrounded by brash ice, which indicates that it is part of a larger ice floe. The overall appearance of the ice suggests that it has been in the Arctic environment for an extended period, experiencing significant changes in temperature and salinity over time. In which section can we detect the heavily ridged multi-year floe appear as the initial freezing pattern?']",
1_2107_scat.jpg,"['The image displays an old, heavily ridged multi-year ice with weathered hummocks and refrozen melt ponds forming bright patches. The ice exhibits a pale blue color, indicating its age and the presence of meltwater. The surrounding context includes embedded brash ice and younger ice edges, suggesting that the ice has been in the area for an extended period.']","['The image displays a large area of old, multi-year sea ice with a pale blue color and a rough, ridged surface texture. The ice exhibits numerous melt ponds and drainage channels, indicating that the ice has been exposed to warmer temperatures and has experienced melting in the past. The presence of refrozen melt crusts suggests that the ice has experienced multiple cycles of melting and refreezing. The ice is embedded within a larger area of brash ice, indicating that it is part of a larger ice floe. The overall appearance of the ice suggests that it has persisted for an extended period and has experienced significant melting and refreezing events. Where does the weathered ice hummocks most clearly visible?']",
1_1923_scat.jpg,"[""The image depicts a blue ocean with a large area of old, multi-year sea ice. The ice appears to be heavily ridged and refrozen, with melt ponds and drainage channels visible. The ice's age and rough surface texture suggest that it has persisted through multiple melting seasons and has experienced significant weathering.""]","['The image depicts a large expanse of old, multi-year sea ice with a pale blue hue. The ice exhibits a rough and heavily ridged surface texture, indicating that it has experienced multiple freezing and thawing cycles. The presence of numerous melt ponds and drainage channels on the ice surface suggests that the ice has been exposed to warmer temperatures, causing the meltwater to pool and drain. The refrozen melt crusts on the ice surface further emphasize the persistence of the ice despite the warmer conditions. Overall, the image showcases the resilience of the old ice, which has managed to survive in the harsh Arctic environment. In what region is the surface with long-term melt traces appear as the least consolidated structure?']",
1_1814_scat.jpg,"['The image displays a large area of old, heavily ridged multi-year ice with weathered hummocks, indicating that it has experienced multiple melting and freezing cycles. The ice exhibits a pale blue color, suggesting that it has been exposed to air and sunlight for an extended period. The presence of refrozen melt ponds and drainage channels on the ice surface indicates that it has experienced recent melting, and the surrounding context shows that it is embedded within br']","['The image displays a large area of old, heavily ridged multi-year ice with weathered hummocks. The ice exhibits a pale blue color, indicating that it has been exposed to air and sunlight for an extended period. The surface is rough, with numerous ridges and fractures, suggesting that the ice has experienced significant deformation and melting over time. The presence of melt ponds and drainage channels further supports this conclusion. The ice is surrounded by younger ice edges and open leads, indicating that it is part of a larger ice floe that is gradually breaking up. Overall, the image provides a clear visual representation of the aged sea ice and its structural characteristics. Which part of the image shows the presence of compressed multi-year formation be most noticeable?']",
1_1815_scat.jpg,"['The image displays a large body of old, heavily ridged multi-year ice with weathered hummocks, indicating that it has been exposed to the elements for an extended period. The ice appears to be in a melting phase, as evidenced by the presence of refrozen melt ponds and drainage channels. The overall appearance of the ice suggests that it has experienced significant changes in its structure and composition over time.']","['The image displays a large area of old, heavily ridged multi-year ice with weathered hummocks. The ice exhibits a pale blue color, indicating that it has been exposed to the atmosphere for an extended period. The surface is rough, with numerous ridges and fractures, suggesting that the ice has experienced significant deformation and melting. The presence of melt ponds and drainage channels further supports this interpretation. The ice is embedded in brash ice, which is a mix of older and younger ice, indicating that the ice has persisted in this location for a considerable time. Overall, the image suggests that the ice has experienced a significant amount of melting and deformation, but has still managed to maintain its structural integrity over the years. Where can we observe the presence of compressed multi-year formation be most noticeable?']",
1_1821_scat.jpg,"['The image displays a large area of old, multi-year sea ice with a pale blue color and rough, ridged surface texture. The ice is heavily hummocked, and there are numerous melt ponds and drainage channels visible, indicating that the ice has experienced significant melting and refreezing. The presence of refrozen melt crusts suggests that the ice has been exposed to the atmosphere for an extended period, and the surrounding context includes embedded brash ice and']","['The image depicts a large expanse of old, multi-year sea ice with a pale blue hue. The ice exhibits a rough and heavily hummocked surface texture, indicating that it has been subjected to multiple freezing and thawing cycles. The presence of numerous melt ponds and drainage channels suggests that the ice has experienced significant melting and refreezing events. The surrounding context includes brash ice and younger ice edges, as well as open leads that further emphasize the aged nature of the ice. Overall, the image provides a clear visual representation of the complex structure and history of this old ice. At what location does the irregular hummocky terrain appear as the most delicate pattern?']",
1_1820_scat.jpg,"[""The image shows old, heavily ridged multi-year ice with weathered hummocks, indicating that it has experienced multiple melting and freezing cycles. The presence of refrozen melt ponds and drainage channels suggests that the ice has been exposed to warmer temperatures and meltwater, which has subsequently refrozen. The rough-surfaced floe with differential melting is a clear indication of the ice's persistence despite the changing environmental conditions""]","[""The image features a large expanse of old, multi-year sea ice with a pale blue hue. The ice displays a rough and heavily hummocked surface texture, indicating that it has experienced significant weathering and melting events. The presence of numerous melt ponds and drainage channels throughout the ice suggests that it has been exposed to the atmosphere for an extended period, causing the loss of salt and the formation of refrozen melt crusts. The surrounding context includes brash ice and younger ice edges, as well as open leads that further emphasize the ice's age and exposure to environmental factors. Overall, the image provides a clear visual representation of the aged, weathered sea ice and its response to the changing climate. Where can we observe the presence of textured weathered floe be most noticeable?""]",
1_1227_scat.jpg,"['The image depicts a blue ocean with a large area of old, multi-year sea ice. The ice exhibits a pale blue color, rough and ridged surface, and numerous melt ponds and drainage channels. The presence of refrozen melt crusts and embedded brash ice indicates that the ice has persisted for a considerable amount of time, and the salinity loss is likely due to the melting phase.']","['The image depicts a large area of old, multi-year sea ice with a pale blue color and rough, ridged surface. The ice appears to be heavily hummocked and weathered, indicating that it has been exposed to various environmental factors over an extended period. The presence of melt ponds and drainage channels on the ice surface suggests that the ice has experienced melting and refreezing events, resulting in a mixture of fresh and saltwater. The surrounding context shows that the ice is embedded within a larger expanse of brash ice, which further supports the notion that this is an old, multi-year ice formation. Overall, the image provides valuable insights into the persistence and evolution of sea ice in the polar ocean. At what location does the refrozen melt ponds appear as the smoothest appearance?']",
1_1009_scat.jpg,"['The image displays old, heavily ridged multi-year ice with weathered hummocks, indicating that it has been exposed to various environmental conditions for an extended period. The ice is predominantly blue with some white areas, suggesting that it has experienced significant melting and refreezing over time.']","['The image displays a large area of old, heavily ridged multi-year ice with weathered hummocks. The ice appears to be pale blue in color, indicating that it has been exposed to the atmosphere for an extended period. The surface is rough and ridged, with numerous melt ponds and drainage channels visible, suggesting that the ice has experienced significant melting and refreezing events. The presence of refrozen melt crusts further supports this interpretation. The ice is embedded within a larger expanse of brash ice, indicating that it has persisted in the face of changing environmental conditions. Overall, the image suggests that the ice has experienced a prolonged period of exposure to the atmosphere, resulting in the formation of weathered hummocks and the accumulation of melt-related features. Where can we observe the multi-year ice fragment with melt pits most clearly visible?']",
1_207_scat.jpg,"['The image displays a blue ocean with a large expanse of old, multi-year sea ice. The ice exhibits a pale blue color and is characterized by a rough, ridged surface texture, with numerous melt ponds and drainage channels visible throughout the ice. The presence of refrozen melt crusts and embedded brash ice indicates that the ice has persisted for an extended period, likely experiencing multiple melting and freezing cycles.']","['The image displays a large area of old, multi-year sea ice with a pale blue color and rough, ridged surface texture. The ice exhibits numerous melt ponds and drainage channels, indicating that the ice has experienced significant melting and refreezing over time. The presence of refrozen melt crusts suggests that the ice has undergone multiple cycles of melting and freezing. The surrounding context includes brash ice and younger ice edges, as well as open leads, which further emphasize the aged nature of the ice. Overall, the image provides a clear visual representation of the complex structural and surface features of old, multi-year sea ice. Which portion displays the irregular hummocky terrain appear as the weakest surface consolidation?']",
1_2018_scat.jpg,"['The image shows a blue ocean with a large amount of old ice floating on the surface. The ice appears to be heavily ridged and has a rough surface texture, indicating that it has been exposed to the elements for a long time. The ice is also surrounded by brash ice, suggesting that it is part of a larger ice floe. The presence of melt ponds and drainage channels on the ice further supports the idea that it is old and has experienced significant melting in the']","['The image displays a large area of old, heavily ridged multi-year ice with weathered hummocks. The ice exhibits a pale blue color, indicating that it has been exposed to air and sunlight for an extended period. The surface is rough and ridged, with numerous melt ponds and drainage channels visible, suggesting that the ice has experienced a significant amount of melting and refreezing over time. The presence of refrozen melt crusts and the surrounding context of embedded brash ice and younger ice edges indicate that the ice has been in a persistent state for a considerable period. The overall appearance of the ice suggests that it has experienced a significant amount of melting and refreezing, which has resulted in the formation of weathered hummocks and the formation of bright patches due to the refrozen melt ponds. Where can we observe the presence of thick aged ice block be most noticeable?']",
1_1719_scat.jpg,"['The image shows old, heavily ridged multi-year ice with weathered hummocks and refrozen melt ponds forming bright patches. The ice appears to be in a melting phase, as evidenced by the presence of melt ponds and drainage channels. The surrounding context includes embedded brash ice and younger ice edges, indicating that the ice has been persistent for a considerable amount of time.']","['The image displays a large area of old, heavily ridged multi-year ice with weathered hummocks. The ice exhibits a pale blue color, indicating that it has been exposed to the atmosphere for an extended period. The surface is rough, with numerous melt ponds and drainage channels scattered throughout the ice. The presence of refrozen melt crusts suggests that the ice has experienced multiple melting and freezing cycles. The surrounding context includes embedded brash ice and younger ice edges, as well as open leads that provide a glimpse of the underlying water. Overall, the image portrays a scene of aged sea ice that has withstood the test of time, with evidence of persistent exposure to the environment. Where can we observe the presence of irregular hummocky terrain be most noticeable?']",
1_1917_scat.jpg,"['The image displays a large area of old, heavily ridged multi-year ice with weathered hummocks, indicating that it has experienced multiple melt and freeze cycles. The ice appears to be in a transitional phase, with some areas showing signs of melting and others appearing to be refrozen. The presence of melt ponds and drainage channels suggests that the ice is still undergoing the process of melting and refreezing.']","['The image displays a large area of old, heavily ridged multi-year ice with weathered hummocks. The ice exhibits a pale blue color, indicating that it has been exposed to the atmosphere for an extended period. The surface is rough and ridged, with numerous melt ponds scattered across the ice. These ponds suggest that the ice has experienced a significant amount of melting and refreezing, leading to the formation of refrozen melt crusts. The presence of these crusts and the surrounding context of embedded brash ice and younger ice edges indicate that the ice has persisted for a considerable time. Overall, the image highlights the resilience of the ice and its ability to withstand various environmental pressures. At what location does the sturdy layered formation most clearly visible?']",
1_1916_scat.jpg,"['The image displays a large area of old, heavily ridged multi-year ice with weathered hummocks, surrounded by younger ice edges. The old ice exhibits a pale blue color, with numerous melt ponds and drainage channels visible, indicating that it has been exposed to melting and refreezing processes. The presence of refrozen melt crusts and the surrounding context suggest that the ice has persisted despite the challenging environmental conditions.']","['The image displays a large area of old, multi-year sea ice with a pale blue hue. The ice exhibits a rough and heavily ridged surface texture, indicating that it has been exposed to the elements for an extended period. The presence of numerous melt ponds and drainage channels suggests that the ice has experienced significant melting and refreezing events. The surrounding context includes brash ice and younger ice edges, which further emphasizes the aged nature of the ice. Overall, the image showcases the resilience of the ice and its ability to withstand the harsh Arctic conditions. Where is the pitted ice block appear as the clearest example?']",
1_2019_scat.jpg,"['The image shows a blue, old ice surface with a rough texture, indicating that it has been exposed to the elements for an extended period. The presence of melt ponds and drainage channels suggests that the ice has experienced melting and refreezing events, which could impact its overall structure and stability.']","['The image displays a blue, multi-year sea ice scene with a mix of refrozen melt crusts and weathered hummocks. The ice exhibits a pale blue color, indicating that it has been exposed to air and sunlight for an extended period. The surface is characterized by rough-surfaced floes with differential melting, suggesting that the ice has experienced multiple melting and refreezing events. The presence of refrozen melt ponds and drainage channels further supports this interpretation. The overall appearance of the ice suggests that it has been in the Arctic for a considerable amount of time, experiencing various stages of melting and refreezing. Where can we observe the refrozen melt crust most clearly visible?']",
1_1718_scat.jpg,"['The image displays a large area of old, heavily ridged multi-year ice with weathered hummocks, indicating that the ice has been exposed to various environmental conditions over time. The ice appears to be in a melting phase, as evidenced by the presence of refrozen melt ponds and drainage channels. The surrounding context includes younger ice edges and open leads, suggesting that the old ice is embedded within a more dynamic sea ice environment.']","['The image displays a large area of old, multi-year sea ice with a pale blue color. The ice exhibits a rough and heavily ridged surface texture, indicating that it has experienced significant weathering and melting. The presence of numerous melt ponds and drainage channels on the ice surface suggests that the ice has been exposed to warm temperatures and has undergone a refreezing process. The surrounding context includes older ice edges and embedded brash ice, which further supports the notion that this ice has been around for an extended period. Overall, the image provides a clear visual representation of the aged, weathered, and rough-surfaced nature of the multi-year ice. Which zone represents the blue-white refrozen plateau appear as the smoothest appearance?']",
1_2111_scat.jpg,"['The image displays a blue, multi-year sea ice with a rough surface texture, indicating that it has been exposed to various weather conditions. The ice appears to be in a melting phase, as evidenced by the presence of melt ponds and refrozen melt crusts. The overall appearance of the ice suggests that it has been in the Arctic for an extended period, experiencing various stages of melting and refreezing.']","['The image displays a large area of old, multi-year sea ice with a pale blue hue. The ice exhibits a rough and heavily ridged surface texture, indicating that it has been exposed to various weathering processes over time. The presence of numerous melt ponds and drainage channels suggests that the ice has experienced significant melting and refreezing events. The ice is embedded within a larger expanse of brash ice, which further emphasizes its age and persistence. Overall, the observed features suggest that the ice has been in a persistent melting phase, with periods of refreezing and re-melting, resulting in the formation of melt ponds and drainage channels. Which part of the image shows the presence of irregular hummocky terrain be most noticeable?']",
1_2026_scat.jpg,"['The image displays old, heavily ridged multi-year ice with weathered hummocks, indicating that the ice has experienced multiple melting and freezing cycles. The blue color and rough surface texture suggest that the ice has been exposed to air and water for an extended period, leading to the formation of melt ponds and drainage channels. The presence of refrozen melt crusts and embedded brash ice further supports the notion that the ice has persisted for a considerable']","['The image depicts a large area of old, multi-year sea ice with a pale blue hue. The ice exhibits a rough and heavily hummocked surface texture, indicating that it has been subjected to multiple freezing and thawing cycles. The presence of numerous melt ponds and drainage channels suggests that the ice has experienced significant melting and refreezing events. The surrounding context includes brash ice and younger ice edges, as well as open leads, which further emphasize the aged nature of the ice. Overall, the image provides a clear visual representation of the unique characteristics of old, multi-year sea ice. Which zone represents the presence of compressed multi-year formation be most noticeable?']",
1_1014_scat.jpg,"['The image depicts old, multi-year sea ice with a pale blue color, rough and ridged surface, and numerous melt ponds. The ice appears to have been exposed to various weathering processes, which have resulted in a more weathered and aged appearance. The presence of melt ponds and drainage channels indicates that the ice has experienced significant melting and refreezing events, which have contributed to its current state.']","['The image depicts a large area of old, multi-year sea ice with a pale blue color and a rough, ridged surface texture. The ice exhibits numerous melt ponds and drainage channels, indicating that it has experienced significant melting and refreezing over time. The presence of refrozen melt crusts and weathered hummocks suggests that the ice has been exposed to various environmental factors, such as wind and temperature fluctuations, which have contributed to its aged appearance. The overall structure and color of the ice indicate that it has persisted for an extended period, despite the challenges posed by changing environmental conditions. Which portion displays the multi-year ice fragment with melt pits most clearly visible?']",
1_2027_scat.jpg,"['The image displays a large area of old, heavily ridged multi-year ice with weathered hummocks, indicating that the ice has been exposed to various environmental conditions over time. The presence of melt ponds and drainage channels suggests that the ice has experienced melting and refreezing events, which could affect its thickness and overall structure.']","['The image displays a large area of old, multi-year sea ice with a pale blue hue. The ice exhibits a rough, ridged surface texture, indicating that it has been subjected to multiple freezing and thawing cycles. The presence of numerous melt ponds and drainage channels throughout the ice suggests that it has experienced significant melting and refreezing events. The ice is embedded within a larger area of brash ice, which further supports the notion that this is an older, more weathered ice floe. Overall, the image provides a clear visual representation of the aged, heavily ridged multi-year ice with weathered hummocks and refrozen melt ponds, highlighting the complex processes that have shaped its structure and appearance. Where is the presence of dense ice with melt scars be most noticeable?']",
1_2012_scat.jpg,"['The image displays a large area of old, heavily ridged multi-year ice with weathered hummocks, indicating that the ice has been exposed to various weather conditions and has experienced significant melting and refreezing events. The presence of refrozen melt ponds and drainage channels suggests that the ice is still in the process of melting and refreezing, which is a common characteristic of old sea ice.']","['The image displays a large expanse of old, multi-year sea ice with a pale blue hue. The ice exhibits a rough and heavily hummocked surface texture, indicating that it has been subjected to multiple freezing and thawing cycles. The presence of numerous melt ponds and drainage channels on the ice surface suggests that the ice has experienced significant melting and refreezing events. The ice is surrounded by a context of embedded brash ice and younger ice edges, indicating that it is part of a larger ice floe. Overall, the image showcases the resilience and complexity of aged sea ice in the polar ocean. At what location does the presence of surface with long-term melt traces be most noticeable?']",
1_1713_scat.jpg,"['The image shows a large expanse of old, multi-year sea ice with a pale blue color and rough surface texture. The ice is heavily ridged and has weathered hummocks, indicating its persistence and resilience despite the changing environmental conditions.']","[""The image depicts a large expanse of old, multi-year sea ice in a blue ocean. The ice exhibits a pale blue color, indicating that it has been exposed to the open ocean for an extended period. The surface of the ice is characterized by a rough, ridged texture, with numerous hummocks and fractures, which are indicative of its age. The ice is interspersed with numerous melt ponds, which are refrozen, forming bright patches on the surface. The presence of these melt ponds suggests that the ice has experienced a significant amount of melting and refreezing over time. The surrounding context includes brash ice and younger ice edges, which further emphasize the ice's age and persistence in the harsh polar environment. Overall, the image provides a clear visual representation of the complex structure and history of this old sea ice. At what location does the presence of blue-white refrozen plateau be most noticeable?""]",
1_2013_scat.jpg,"['The image shows old, heavily ridged multi-year ice with weathered hummocks, indicating that the ice has experienced multiple melt and freeze cycles. The blue color of the ice suggests that it has been exposed to the atmosphere for a considerable amount of time, and the presence of melt ponds and drainage channels indicates that the ice is still undergoing some degree of melting. The surrounding context, including the presence of brash ice and younger ice edges, suggests that']","['The image displays a large expanse of old, multi-year sea ice with a pale blue hue. The ice exhibits a rough and ridged surface texture, indicating that it has been subjected to multiple freezing and thawing cycles. The presence of numerous melt ponds and drainage channels suggests that the ice has experienced significant melting, with some areas refrozen while others remain open. The surrounding context reveals that the ice is embedded within brash ice and younger ice edges, indicating that it is part of a larger ice floe. Overall, the image highlights the resilience and persistence of the old ice, despite the numerous melting events it has experienced. Which part of the image shows the consolidated ancient floe appear as the most uniform and thin texture?']",
1_2203_scat.jpg,"[""The image displays old, heavily ridged multi-year ice with weathered hummocks and refrozen melt ponds forming bright patches. The ice's surface texture is rough, and it is embedded in brash ice, indicating that it has persisted for a considerable period. The presence of melt ponds and drainage channels suggests that the ice has experienced some degree of melting and refreezing.""]","['The image features a large area of old, multi-year sea ice with a pale blue hue. The ice displays a rough and heavily hummocked surface texture, indicating that it has experienced multiple freezing and thawing cycles. The presence of numerous melt ponds and drainage channels suggests that the ice has been subjected to significant melting and refreezing processes. The ice is embedded within a brash ice field, which further supports the notion that it is an old, seasoned ice floe. Overall, the image provides a clear visual representation of the complex structural and surface features commonly observed in aged sea ice. Where does the presence of dull-grey aged ice surface be most noticeable?']",
1_2125_scat.jpg,"['The image displays old, heavily ridged multi-year ice with weathered hummocks, indicating that the ice has been exposed to various environmental factors and has experienced significant melting and refreezing events. The presence of refrozen melt ponds and drainage channels suggests that the ice has been undergoing a gradual process of melting and refreezing, which can affect its thickness and overall structure.']","['The image displays a large expanse of old, multi-year sea ice with a pale blue hue. The ice exhibits a rough, ridged surface texture, indicating that it has experienced significant weathering and melting events. The presence of numerous melt ponds and drainage channels on the ice surface suggests that the ice has been exposed to warmer temperatures, causing the water to refreeze and form these features. The surrounding context reveals that the ice is embedded within brash ice and is adjacent to younger ice edges, indicating that it is part of a larger ice floe. Overall, the image highlights the resilience of the ice and its ability to withstand various environmental pressures. Which zone represents the dull-grey aged ice surface most clearly visible?']",
1_2124_scat.jpg,"['The image shows a large area of old, heavily ridged multi-year ice with weathered hummocks, indicating that the ice has been exposed to various weather conditions and has experienced significant melting. The presence of refrozen melt ponds and drainage channels suggests that the ice has been re-frozen multiple times, and the surrounding context shows that the ice is embedded in brash ice and is adjacent to younger ice edges. The pale blue color of the ice suggests']","[""The image depicts a large area of old, multi-year sea ice with a pale blue color and rough, ridged surface texture. The ice appears to have experienced significant weathering and melting, as evidenced by numerous melt ponds and drainage channels scattered throughout the scene. The presence of refrozen melt crusts indicates that the ice has undergone multiple cycles of melting and freezing. The ice's proximity to younger ice edges and open leads suggests that it is in the process of being surrounded by newer, fresher ice. Overall, the image highlights the dynamic nature of sea ice and the challenges it faces in the face of climate change. Where can we observe the presence of sturdy layered formation be most noticeable?""]",
1_2116_scat.jpg,"['The image displays a large expanse of old, multi-year sea ice with a pale blue color and rough, ridged surface texture. The ice exhibits weathered hummocks and refrozen melt ponds, indicating that the ice has been exposed to multiple melting and freezing cycles. The presence of melt ponds and drainage channels suggests that the ice is experiencing ongoing melting processes.']","[""The image displays a large expanse of old, multi-year sea ice with a pale blue color and rough, ridged surface texture. The ice is heavily hummocked, indicating that it has experienced multiple freezing and thawing cycles. The presence of numerous melt ponds and drainage channels throughout the ice suggests that the ice has been exposed to warmer temperatures and melting processes. The surrounding context shows that the ice is embedded within brash ice, indicating that it is part of a larger ice floe. The ice's age and the presence of melt features suggest that it has likely experienced a significant amount of melting and refreezing, which could impact its thickness and overall stability. Which portion displays the presence of rough multi-season surface be most noticeable?""]",
1_1342_scat.jpg,"['The image shows old, heavily ridged multi-year ice with weathered hummocks, indicating that the ice has experienced multiple melt seasons and has been exposed to various weather conditions. The ice appears to be in a melting phase, as evidenced by the presence of refrozen melt ponds and drainage channels.']","[""The image depicts a large expanse of old, multi-year sea ice in the Arctic. The ice appears to be heavily ridged and rough, with numerous melt ponds scattered across its surface. The color of the ice ranges from pale blue to white with grey tones, indicating that it has been exposed to the elements for an extended period. The presence of weathered hummocks and refrozen melt crusts suggests that the ice has experienced multiple freezing and thawing cycles. The ice's structural characteristics and surrounding context, such as the absence of younger ice edges and the presence of embedded brash ice, indicate that this ice has persisted for a considerable amount of time. Overall, the image provides a clear visual representation of the aged sea ice in the Arctic, highlighting its unique features and characteristics. Where is the dense ice with melt scars appear as the smoothest appearance?""]",
1_1343_scat.jpg,"['The image shows a large area of old, multi-year sea ice with a pale blue color and rough, ridged surface texture. The ice is heavily hummocked, indicating that it has experienced multiple freezing and thawing cycles. The presence of melt ponds and drainage channels suggests that the ice has been exposed to warmer temperatures, leading to the loss of salt and the formation of refrozen melt crusts. The surrounding context includes embedded brash']","['The image displays a large expanse of old, multi-year sea ice with a pale blue color and rough, ridged surface texture. The ice is heavily hummocked and exhibits numerous melt ponds and drainage channels, indicating that it has experienced significant melting and refreezing over time. The presence of refrozen melt crusts suggests that the ice has undergone multiple cycles of melting and freezing. The surrounding context includes brash ice and younger ice edges, as well as open leads, which further emphasize the aged nature of the ice. Overall, the image provides valuable insights into the persistence and evolution of the sea ice in the region. At what location does the coarse-grained aged ice appear as the finest texture?']",
1_2117_scat.jpg,"['The image displays a large area of old, multi-year sea ice with a pale blue color and rough, ridged surface texture. The ice exhibits numerous melt ponds and drainage channels, indicating that it has experienced significant melting and refreezing over time. The presence of refrozen melt crusts suggests that the ice has been exposed to the atmosphere, leading to the loss of salinity. The overall appearance of the ice indicates that it has been in the']","['The image displays a large area of old, heavily ridged multi-year ice with weathered hummocks. The ice exhibits a pale blue color, indicating that it has been exposed to air and sunlight for an extended period. The surface is rough, with numerous melt ponds and drainage channels scattered throughout the ice. These features suggest that the ice has experienced significant melting and refreezing events, resulting in the formation of refrozen melt crusts. The presence of these crusts and the surrounding context of embedded brash ice and younger ice edges indicate that the ice has persisted for a considerable amount of time, despite the ongoing effects of climate change. Which part of the image shows the dull-grey aged ice surface most clearly visible?']",
1_1617_scat.jpg,"['The image displays a large area of old, heavily ridged multi-year ice with weathered hummocks, indicating that it has experienced significant melting and refreezing over time. The presence of refrozen melt ponds and drainage channels suggests that the ice has been exposed to freshwater, which could have influenced its salinity and structure.']","['The image displays a large expanse of old, multi-year sea ice with a pale blue color and a rough, heavily hummocked surface. The ice is interspersed with numerous melt ponds and drainage channels, indicating that it has experienced significant melting and refreezing over time. The presence of refrozen melt crusts on the ice surface further supports this interpretation. The overall appearance of the ice suggests that it has persisted for an extended period, despite the numerous melting and refreezing events it has undergone. The image provides valuable insights into the dynamics of sea ice aging and the impacts of climate change on polar ecosystems. Where is the dense ice with melt scars most clearly visible?']",
1_1616_scat.jpg,"['The image displays a large expanse of old, heavily ridged multi-year ice with weathered hummocks and refrozen melt ponds. The ice appears to be in a melting phase, as evidenced by the presence of melt ponds and the rough surface texture.']","[""The image features a large expanse of old, multi-year sea ice with a pale blue color and a rough, ridged surface texture. The ice is heavily hummocked, indicating that it has experienced multiple freezing and thawing cycles. There are numerous melt ponds scattered across the ice, suggesting that the ice has been exposed to warmer temperatures and is in the process of refreezing. The presence of refrozen melt crusts further supports this interpretation. The ice appears to be embedded within a larger area of brash ice, which is indicative of the ice's persistence and resilience despite the changing environmental conditions. Where does the dull-grey aged ice surface most clearly visible?""]",
1_2021_scat.jpg,"['The image displays a blue, heavily ridged multi-year ice with weathered hummocks and numerous melt ponds, indicating that the ice has been exposed to warm temperatures and melting processes. The presence of refrozen melt crusts and ridges suggests that the ice has experienced a freeze-thaw cycle, which is a common characteristic of old ice.']","['The image features a large area of old, heavily ridged multi-year ice with weathered hummocks. The ice appears to be pale blue in color, indicating that it has been exposed to the elements for an extended period. The surface is rough, with numerous ridges and fractures, which suggests that the ice has experienced significant deformation and melting over time. The presence of numerous melt ponds and drainage channels further supports this interpretation. The surrounding context includes embedded brash ice and younger ice edges, indicating that the old ice is not isolated but rather part of a larger ice floe. Overall, the image provides a clear visual representation of the aged sea ice and its unique characteristics. Where is the presence of heavily ridged multi-year floe be most noticeable?']",
1_2020_scat.jpg,"['The image displays a large area of old, heavily ridged multi-year ice with weathered hummocks, indicating that the ice has been exposed to various weather conditions and has experienced significant melting. The presence of refrozen melt ponds and drainage channels suggests that the ice has retained some of its salinity, while the surrounding context, including embedded brash ice and younger ice edges, indicates that the ice is still connected to the larger ice pack.']","['The image displays a large area of old, multi-year sea ice with a pale blue color and rough, ridged surface texture. The ice is heavily hummocked, indicating that it has experienced multiple melting and freezing cycles. There are numerous melt ponds scattered across the ice, suggesting that the ice has been exposed to warmer temperatures and is in the process of melting. The presence of refrozen melt crusts further supports the idea that the ice has undergone multiple melting and freezing events. The surrounding context includes brash ice and younger ice edges, indicating that the ice is part of a larger ice floe. Overall, the image suggests that the ice has been persistent and resilient, withstanding various environmental pressures. At what location does the thick aged ice block most clearly visible?']",
1_1720_scat.jpg,"[""The image displays old, heavily ridged multi-year ice with weathered hummocks, indicating that the ice has persisted for a considerable amount of time. The ice's surface is rough, with numerous melt ponds and drainage channels, suggesting that the ice has experienced significant melting and refreezing over the years. The presence of refrozen melt crusts and surrounding context of embedded brash ice and younger ice edges further supports the notion that the ice""]","[""The image depicts a large area of old, multi-year sea ice with a pale blue hue. The ice exhibits a rough and heavily ridged surface texture, indicating that it has experienced multiple freezing and thawing cycles. The presence of numerous melt ponds and drainage channels suggests that the ice has been subjected to significant melting and refreezing processes. The surrounding context includes embedded brash ice and younger ice edges, as well as open leads that reveal the ice's dynamic nature. The overall appearance of the ice suggests that it has persisted for an extended period, with some areas experiencing differential melting and refreezing, leading to the formation of refrozen melt crusts. This scene provides valuable insights into the ice's resilience and the processes that shape its structure over time. Where is the presence of coarse-grained aged ice be most noticeable?""]",
1_2015_scat.jpg,"[""The image shows a blue, heavily ridged multi-year ice with weathered hummocks and refrozen melt ponds forming bright patches. The ice's surface is rough, and it appears to be in a melting phase.""]","['The image features a large area of old, multi-year sea ice with a pale blue color and a rough, ridged surface texture. The ice appears to be heavily hummocked, indicating that it has experienced multiple freezing and thawing cycles. The presence of numerous melt ponds and drainage channels suggests that the ice has been exposed to warmer temperatures, causing it to lose salinity and undergo melting. The ice is surrounded by brash ice and younger ice edges, indicating that it is part of a larger ice floe. Overall, the image provides a clear visual representation of the aged, rough-surfaced, and saline-depleted nature of the ice. Which area reveals the textured weathered floe most clearly visible?']",
1_1715_scat.jpg,"[""The image depicts a large area of old, heavily ridged multi-year ice with weathered hummocks and numerous melt ponds. The ice appears to have undergone multiple melting and freezing cycles, resulting in a rough and uneven surface texture. The presence of refrozen melt crusts and drainage channels further emphasizes the ice's age and resilience.""]","['The image displays a large expanse of old, multi-year sea ice with a pale blue hue. The ice exhibits a rough and heavily ridged surface texture, indicating that it has experienced multiple freezing and thawing cycles. The presence of numerous melt ponds and drainage channels suggests that the ice has recently experienced a melting phase. The ice is embedded within a larger area of brash ice, which further supports the notion that this ice has been persistent for an extended period. The overall appearance of the ice indicates that it has likely experienced significant salinity loss and is now in the process of refreezing. In what region is the refrozen melt ponds most clearly visible?']",
1_1714_scat.jpg,"['The image depicts old, heavily ridged multi-year ice with weathered hummocks and refrozen melt ponds forming bright patches. The ice exhibits a pale blue color, indicating that it has been exposed to the atmosphere for an extended period. The surface texture is rough, and the ice is embedded in brash ice, suggesting that it has been persistent in the area for quite some time.']","[""The image displays a large expanse of old, heavily ridged multi-year ice with weathered hummocks. The ice exhibits a pale blue color, indicating that it has been exposed to the atmosphere for an extended period. The surface is rough and textured, with numerous melt ponds and drainage channels scattered throughout the ice. The presence of these features suggests that the ice has experienced significant melting and refreezing events, resulting in the formation of refrozen melt crusts. The surrounding context includes embedded brash ice and younger ice edges, as well as open leads that indicate the ice's dynamic nature. Overall, the image provides a clear visual representation of the aged sea ice and its distinct surface characteristics. At what location does the irregular hummocky terrain most clearly visible?""]",
1_2014_scat.jpg,"['The image displays a large area of old, heavily ridged multi-year ice with weathered hummocks and numerous melt ponds. The ice exhibits a pale blue color and a rough surface texture, indicating that it has been exposed to the elements for an extended period. The presence of melt ponds and drainage channels suggests that the ice has experienced significant melting and refreezing over time. The image provides valuable insights into the persistence and dynamics of the sea']","[""The image displays a large expanse of old, heavily ridged multi-year ice with weathered hummocks. The ice exhibits a pale blue color, indicating that it has been exposed to air and sunlight for an extended period. The surface is rough, with numerous ridges and fractures, suggesting that the ice has experienced significant deformation and weathering. The presence of numerous melt ponds and drainage channels further supports the notion that the ice has been exposed to melting processes. The surrounding context includes brash ice and younger ice edges, indicating that the ice is part of a larger ice floe. Overall, the image provides a clear visual representation of the aged ice's distinct surface and structural characteristics. Where does the dense ice with melt scars appear as the weakest surface consolidation?""]",
1_1804_scat.jpg,"['The image displays a blue-green ocean with a large area of old, heavily ridged multi-year ice. The ice has a pale blue color and is characterized by rough, ridged surfaces and numerous melt ponds. The presence of refrozen melt crusts and weathered hummocks indicates that the ice has experienced significant melting and refreezing events. The overall appearance of the ice suggests that it has been in the ocean for an extended period, withstanding']","['The image displays a large area of old, heavily ridged multi-year ice with weathered hummocks. The ice exhibits a pale blue color, indicating that it has been exposed to air and sunlight for an extended period. The surface is rough, with numerous ridges and fractures, suggesting that the ice has experienced multiple freezing and thawing cycles. The presence of numerous melt ponds and drainage channels on the ice surface indicates that the ice has been subjected to significant melting and refreezing events. The surrounding context includes a mix of older, heavily hummocked ice and younger, smoother floes, as well as embedded brash ice. The image highlights the dynamic nature of sea ice and the challenges it faces in the face of climate change. Which part of the image shows the thick aged ice block most clearly visible?']",
1_2205_scat.jpg,"['The image depicts old, heavily ridged multi-year ice with weathered hummocks, indicating that it has been exposed to the elements for an extended period. The presence of melt ponds and drainage channels suggests that the ice has experienced melting and refreezing cycles, resulting in a mix of refrozen and melt-affected areas.']","[""The image displays a large area of old, heavily ridged multi-year ice with weathered hummocks. The ice exhibits a pale blue color, indicating that it has been exposed to the atmosphere for an extended period. The surface is rough, with numerous melt ponds and drainage channels, suggesting that the ice has experienced significant melting and refreezing events. The presence of refrozen melt crusts further supports this conclusion. The surrounding context includes embedded brash ice and younger ice edges, as well as open leads that reveal the ice's dynamic nature. Overall, the image provides valuable insights into the ice's persistence, salinity loss, and melting phase. Where does the dense ice with melt scars most clearly visible?""]",
1_1505_scat.jpg,"['The image displays a large area of old, heavily ridged multi-year ice with weathered hummocks, indicating that the ice has persisted for a considerable time. The ice is blue-grey in color, suggesting that it has been exposed to air and water for an extended period. The presence of melt ponds and drainage channels on the ice surface indicates that the ice has experienced melting and refreezing processes.']","['The image displays a large expanse of old, multi-year sea ice with a pale blue hue. The ice exhibits a rough, ridged surface texture, indicating that it has experienced multiple melting and freezing cycles. The presence of numerous melt ponds and drainage channels suggests that the ice has been subjected to recent melting. The ice is interspersed with brash ice, which is typically found at the edges of the ice pack. The overall appearance of the ice suggests that it has been in the Arctic for an extended period, and the rough surface texture and melt features indicate that it has experienced significant melting and refreezing events. Where does the presence of dense ice with melt scars be most noticeable?']",
1_1504_scat.jpg,"['The image displays a large area of old, heavily ridged multi-year ice with weathered hummocks, indicating that the ice has persisted for a considerable period. The ice is blue-green in color, suggesting that it has experienced a significant amount of melting and refreezing. The presence of melt ponds and drainage channels on the ice surface indicates that the ice is still in a melting phase, with water continuously draining from the ice.']","['The image displays a large area of old, multi-year sea ice with a pale blue color. The ice exhibits a rough, ridged surface texture, indicating that it has experienced significant weathering and melting. There are numerous melt ponds scattered across the ice, suggesting that the ice has been exposed to warmer temperatures and is in the process of refreezing. The presence of these melt ponds and the overall appearance of the ice indicate that it has persisted for an extended period, despite the challenges posed by climate change and the loss of salt. At what location does the heavily ridged multi-year floe most clearly visible?']",
1_2204_scat.jpg,"['The image depicts a large area of old, heavily ridged multi-year ice with weathered hummocks and refrozen melt ponds. The ice exhibits a pale blue color and rough surface texture, indicating its age and exposure to various environmental factors. The presence of melt ponds and drainage channels suggests that the ice has experienced multiple melting and freezing cycles, while the surrounding context shows that the ice is embedded in brash ice and is adjacent']","['The image features a large expanse of old, multi-year sea ice with a pale blue hue. The ice exhibits a rough, ridged surface texture, indicating that it has been subjected to numerous freezing and thawing cycles. The presence of numerous melt ponds and drainage channels on the ice surface suggests that the ice has experienced significant melting and refreezing events. The ice is also interspersed with brash ice, indicating that it is in a dynamic environment with ongoing processes of melting and refreezing. Overall, the image portrays a complex and dynamic sea ice system that has persisted for an extended period. At what location does the presence of dull-grey aged ice surface be most noticeable?']",
1_2122_scat.jpg,"['The image displays a large area of old, multi-year sea ice with a pale blue color and rough, ridged surface texture. The ice is heavily hummocked and features numerous melt ponds and drainage channels, indicating that it has been exposed to the elements for an extended period. The surrounding context includes embedded brash ice and younger ice edges, suggesting that the ice is in a transitional phase between older, more stable floes and newer, more dynamic ice formations.']","[""The image displays a large expanse of old, multi-year sea ice with a pale blue hue. The ice exhibits a rough and heavily ridged surface texture, indicating that it has experienced multiple melting and freezing cycles. The presence of numerous melt ponds and drainage channels throughout the ice suggests that the ice has recently experienced a melting phase. The surrounding context shows that the ice is embedded within brash ice and is adjacent to younger ice edges, indicating that it is part of a larger ice floe. The ice's persistence and resilience are evident from its weathered hummocks and differential melting, which have resulted in a unique and visually striking landscape. Which part of the image shows the rough multi-season surface most clearly visible?""]",
1_1145_scat.jpg,"['The image displays old, heavily ridged multi-year ice with weathered hummocks, indicating that it has been exposed to the elements for an extended period. The ice is blue-green in color, suggesting that it has experienced some degree of melting and refreezing over time. The presence of melt ponds and drainage channels on the ice surface further supports this interpretation.']","[""The image depicts a large expanse of old, multi-year sea ice with a pale blue hue. The ice exhibits a rough and ridged surface texture, indicating that it has experienced significant weathering and melting. The presence of numerous melt ponds and drainage channels throughout the ice suggests that it has been exposed to the atmosphere for an extended period, causing the loss of salinity and the formation of refrozen melt crusts. The ice's age and the surrounding context of embedded brash ice and younger ice edges suggest that it has been in the Arctic for a considerable time, potentially experiencing a phase of melting and refreezing. Which area reveals the weathered ice hummocks appear as the most evident?""]",
1_2008_scat.jpg,"[""The image displays a large area of old, heavily ridged multi-year ice with weathered hummocks and refrozen melt ponds. The ice appears to be in a melting phase, as evidenced by the presence of melt ponds and the rough surface texture. The ice's age and roughness suggest that it has experienced significant melting and refreezing over time.""]","[""The image displays a large expanse of old, multi-year sea ice with a pale blue color and a rough, heavily hummocked surface. The ice is interspersed with numerous melt ponds, which are refrozen, forming bright patches. The presence of these melt ponds indicates that the ice has experienced multiple melting and freezing cycles, resulting in the formation of a more porous and less dense structure. The ice's age and the fact that it has not recently melted suggest that it may have been exposed to higher temperatures in the past, leading to increased salinity loss and a more susceptible state to future melting events. Which zone represents the refrozen melt ponds most clearly visible?""]",
1_1813_scat.jpg,"['The image depicts a large area of old, heavily ridged multi-year ice with weathered hummocks, indicating that the ice has persisted for an extended period. The presence of refrozen melt ponds and drainage channels suggests that the ice has experienced a significant amount of melting and refreezing, resulting in a mixture of fresh and salty water. The overall appearance of the ice suggests that it has been exposed to various environmental conditions, and its structure']","['The image displays a large area of old, multi-year sea ice with a pale blue color and rough, ridged surface texture. The ice is heavily hummocked and features numerous melt ponds, which are refrozen and form bright patches. The surrounding context includes brash ice and younger ice edges, indicating that the ice has been present for an extended period. The presence of refrozen melt crusts suggests that the ice has experienced multiple melting and freezing cycles. The overall appearance of the ice indicates that it has persisted despite the changing environmental conditions, and the melt ponds and refrozen crusts provide evidence of ongoing melting and refreezing processes. Where can we observe the old ice zone with sediment streaks most clearly visible?']",
1_2009_scat.jpg,"['The image depicts a large expanse of old, heavily ridged multi-year ice with weathered hummocks and refrozen melt ponds. The ice is predominantly blue with some white areas, indicating a combination of fresh and old ice. The presence of melt ponds and rough-surfaced floes with differential melting suggest that the ice has experienced significant melting and refreezing events, potentially indicating a warmer climate or seasonal changes.']","['The image displays a large expanse of old, multi-year sea ice with a pale blue color and rough, ridged surface texture. The ice exhibits numerous melt ponds and drainage channels, indicating that it has experienced multiple melting and refreezing events. The presence of refrozen melt crusts suggests that the ice has undergone significant structural changes over time. The overall appearance of the ice indicates that it has persisted for an extended period, despite the various stages of melting and refreezing. The image provides valuable insights into the dynamics of sea ice aging and its response to changing environmental conditions. In which section can we detect the presence of coarse-grained aged ice be most noticeable?']",
1_1818_scat.jpg,"['The image displays a large area of old, multi-year sea ice with a pale blue color, rough and ridged surface texture, and numerous melt ponds. The ice appears to be in a melting phase, as evidenced by the refrozen melt crusts and the presence of open leads. The overall appearance of the ice suggests that it has been exposed to the elements for an extended period, leading to weathering and the formation of melt ponds.']","[""The image depicts a large expanse of old, multi-year sea ice with a pale blue hue. The ice exhibits a rough and heavily hummocked surface texture, indicating that it has been subjected to multiple freezing and thawing cycles. The presence of numerous melt ponds and drainage channels on the ice surface suggests that the ice has experienced significant melting and refreezing events. The ice is embedded within a larger area of brash ice, which is indicative of the ice's persistence and resilience in the face of changing environmental conditions. The overall appearance of the ice suggests that it has been in the Arctic environment for an extended period, and its structure and appearance reflect the complex processes that have shaped it over time. Which area reveals the dull-grey aged ice surface most clearly visible?""]",
1_1911_scat.jpg,"['The image displays a large expanse of old, multi-year sea ice with a pale blue color and rough surface texture. The ice is heavily ridged and hummocked, indicating that it has experienced multiple melting and freezing cycles. The presence of melt ponds and drainage channels suggests that the ice has been exposed to warmer temperatures, causing some melting and refreezing. The surrounding context includes brash ice and younger ice edges, as well as open leads']","['The image displays a large expanse of old, multi-year sea ice with a pale blue hue. The ice exhibits a rough and heavily ridged surface texture, indicating that it has experienced multiple freezing and thawing cycles. The presence of numerous melt ponds and drainage channels on the ice surface suggests that the ice has been exposed to warmer temperatures and melting processes. The ice is also interspersed with brash ice, which is typically formed by the collision of ice floes. Overall, the image portrays a scene of aged, thick sea ice that has withstood the test of time and environmental challenges. Which portion displays the irregular hummocky terrain appear as the smoothest appearance?']",
1_1819_scat.jpg,"[""The image displays a blue, heavily ridged multi-year ice with weathered hummocks and refrozen melt ponds. The ice appears to be in a melting phase, as evidenced by the presence of melt ponds and rough surface texture. The ice's age and roughness suggest that it has been exposed to the elements for an extended period, and the refrozen melt crusts indicate that it has experienced multiple melting and refreezing""]","['The image features a large area of old, multi-year sea ice with a pale blue hue. The ice exhibits a rough and heavily hummocked surface texture, indicating that it has experienced multiple freezing and thawing cycles. The presence of numerous melt ponds and drainage channels throughout the ice suggests that it has recently experienced a period of melting. The ice is embedded within a larger area of brash ice, indicating that it is part of a larger ice floe. Overall, the image demonstrates the resilience and persistence of the old ice, despite the challenges posed by changing environmental conditions. Where is the irregular hummocky terrain most clearly visible?']",
1_2119_scat.jpg,"[""The image displays old, heavily ridged multi-year ice with weathered hummocks and refrozen melt ponds forming bright patches. The ice appears to be in a melting phase, as indicated by the presence of melt ponds and drainage channels. The ice's surface texture and color suggest that it has experienced multiple melt and refreeze cycles, resulting in a rough and pale blue appearance.""]","[""The image displays a large area of old, heavily ridged multi-year ice with weathered hummocks. The ice exhibits a pale blue color, indicating that it has been exposed to the atmosphere for an extended period. The surface is rough, with numerous melt ponds and drainage channels, which suggest that the ice has experienced multiple melting and refreezing events. The presence of refrozen melt crusts further supports this conclusion. The surrounding context includes embedded brash ice and younger ice edges, as well as open leads, which are indicative of the ice's dynamic nature. Overall, the image portrays a scene of aged sea ice that has experienced significant changes in its structure and appearance over time. Where is the presence of dull-grey aged ice surface be most noticeable?""]",
1_2118_scat.jpg,"[""The image depicts a blue, heavily ridged multi-year ice with weathered hummocks, surrounded by younger ice edges and open leads. The presence of refrozen melt ponds and drainage channels indicates that the ice has experienced significant melting and refreezing events. The ice's rough surface texture and pale blue color suggest that it has been exposed to the atmosphere for an extended period, leading to the loss of salt and the formation of weathered hummock""]","['The image displays a large area of old, heavily ridged multi-year ice with weathered hummocks. The ice exhibits a pale blue color, indicating that it has been exposed to the atmosphere for an extended period. The surface is rough, with numerous melt ponds and drainage channels visible, suggesting that the ice has experienced significant melting and refreezing events. The presence of refrozen melt crusts further supports the notion that the ice has undergone multiple cycles of melting and freezing. The surrounding context includes embedded brash ice and younger ice edges, indicating that the old ice is part of a larger ice floe. Overall, the image provides valuable insights into the persistence and dynamics of aged sea ice in the polar ocean. Which part of the image shows the irregular hummocky terrain most clearly visible?']",
1_2011_scat.jpg,"['The image depicts old, multi-year sea ice with a pale blue color and rough, ridged surface texture. The ice appears to have been exposed to the elements for an extended period, resulting in weathered hummocks and differential melting. The presence of melt ponds and drainage channels indicates that the ice has experienced multiple melting and refreezing cycles, contributing to its aged appearance.']","['The image displays a large expanse of old, multi-year sea ice with a pale blue color and rough, ridged surface texture. The ice is heavily hummocked, indicating that it has experienced multiple melting and freezing cycles. The presence of melt ponds and drainage channels on the ice surface suggests that the ice has recently undergone a melting phase. The surrounding context includes brash ice and younger ice edges, which further emphasizes the age of the ice. Overall, the image showcases the resilience and persistence of this old ice, despite the challenges it has faced due to changing environmental conditions. Which part of the image shows the heavily ridged multi-year floe appear as the most uniform and thin texture?']",
1_1245_scat.jpg,"['The image displays a large area of old, heavily ridged multi-year ice with weathered hummocks, indicating that it has experienced multiple melt and freeze cycles. The ice is blue-grey in color, suggesting that it has been exposed to air and has experienced some degree of melting. The presence of melt ponds and drainage channels on the ice surface further supports this interpretation.']","[""The image displays a large area of old, heavily ridged multi-year ice with weathered hummocks. The ice exhibits a pale blue color, indicating that it has been exposed to the atmosphere for an extended period. The surface is rough and ridged, with numerous melt ponds scattered across the ice. These melt ponds suggest that the ice has experienced multiple melting and freezing cycles, leading to the formation of refrozen melt crusts. The presence of refrozen melt ponds and the surrounding context of embedded brash ice and younger ice edges indicate that this ice has been in the Arctic for a considerable amount of time. The ice's pale blue color and weathered hummocks suggest that it has been exposed to the atmosphere for a long time, possibly experiencing a higher degree of salinity loss and melting. Where does the pitted ice block most clearly visible?""]",
1_2113_scat.jpg,"['The image depicts old, heavily ridged multi-year ice with weathered hummocks, indicating that the ice has experienced multiple melting and freezing cycles. The presence of refrozen melt ponds and drainage channels suggests that the ice has undergone significant melting and refreezing processes. The blue color of the ice may indicate that the ice has been exposed to air and has absorbed some of the surrounding atmosphere, which can affect its melting behavior']","['The image features a large expanse of old, multi-year sea ice with a pale blue hue. The ice exhibits a rough, ridged surface texture, indicating that it has experienced multiple melting and freezing cycles. The presence of numerous melt ponds and drainage channels on the ice surface suggests that the ice has recently experienced a melting phase. The ice is embedded in a brash ice field, which further supports the notion that it is an old, aged ice formation. The overall appearance of the ice suggests that it has persisted for an extended period despite the changing environmental conditions. Which zone represents the consolidated ancient floe most clearly visible?']",
1_2112_scat.jpg,"['The image depicts an old, heavily ridged multi-year ice floe with weathered hummocks, surrounded by younger ice edges. The ice exhibits pale blue coloration, and there are refrozen melt ponds forming bright patches, indicating that the ice has experienced significant melting and refreezing. The presence of melt ponds and drainage channels suggests that the ice has been exposed to warmer ocean temperatures, leading to a loss of sal']","['The image displays a large area of old, multi-year sea ice with a pale blue color and rough, ridged surface texture. The ice appears to have undergone significant weathering and melting, as evidenced by the presence of numerous melt ponds and drainage channels. The ice is embedded within a larger expanse of brash ice, indicating that it has persisted for an extended period. The refrozen melt crusts and the surrounding context suggest that the ice has experienced a mix of melting and freezing events, resulting in a complex and aged ice structure. Where can we observe the presence of refrozen melt ponds be most noticeable?']",
1_2025_scat.jpg,"['The image shows a large expanse of old, heavily ridged multi-year ice with weathered hummocks and refrozen melt ponds. The ice appears to be in a melting phase, as evidenced by the presence of melt ponds and rough-surfaced floes with differential melting.']","['The image displays a large area of old, multi-year sea ice with a pale blue hue. The ice exhibits a rough and heavily hummocked surface texture, indicating that it has experienced multiple freezing and thawing cycles. The presence of numerous melt ponds and drainage channels suggests that the ice has been subjected to prolonged melting and refreezing. The ice is embedded within a larger area of brash ice, which further supports the notion that this is an older, more resilient ice type. Overall, the image suggests that the ice has persisted through multiple seasons, withstanding the challenges posed by changing environmental conditions. Where does the presence of consolidated ancient floe be most noticeable?']",
1_2024_scat.jpg,"['The image displays a blue ocean with a large area of old, multi-year sea ice. The ice appears to be heavily ridged and rough, with refrozen melt ponds forming bright patches. The presence of weathered hummocks and differential melting on the surface indicates that the ice has been exposed to various environmental conditions, possibly suggesting that it has been in the ocean for a significant amount of time.']","[""The image depicts a large expanse of old, multi-year sea ice in a blue-green hue. The ice exhibits a pale blue color, indicating that it has been exposed to air and sunlight for an extended period. The surface is characterized by a rough, ridged texture, with numerous hummocks and fractures, which are indicative of the ice's age and exposure to weathering processes. The ice is interspersed with numerous melt ponds, drainage channels, and refrozen melt crusts, suggesting that the ice has experienced significant melting and refreezing events over time. The presence of these features, along with the surrounding context of embedded brash ice and younger ice edges, indicates that the ice has persisted for an extended period despite the challenging environmental conditions. Where can we observe the presence of dull-grey aged ice surface be most noticeable?""]",
1_1543_scat.jpg,"['The image depicts a large body of old, multi-year sea ice with a pale blue color and rough, ridged surface texture. The ice is interspersed with melt ponds and drainage channels, indicating that it has experienced significant melting and refreezing over time. The presence of refrozen melt crusts and brash ice surrounding the old ice suggests that it has persisted despite the changing environmental conditions.']","['The image displays a large expanse of old, multi-year sea ice with a pale blue color. The ice exhibits a rough and heavily hummocked surface texture, indicating that it has experienced multiple freezing and thawing cycles. The presence of numerous melt ponds and drainage channels on the ice surface suggests that the ice has been exposed to warmer temperatures, causing the meltwater to refreeze. The surrounding context reveals that the ice is embedded within brash ice, indicating that it is part of a larger ice floe. Overall, the image depicts the resilience of the old ice in the face of changing environmental conditions. Where can we observe the heavily eroded ice ridge appear as the most evident?']",
1_1403_scat.jpg,"['The image depicts old, heavily ridged multi-year ice with weathered hummocks, indicating that it has experienced multiple melt seasons and has been exposed to the elements for an extended period. The ice appears to be in a refrozen state, with melt ponds forming bright patches and drainage channels visible on its surface. The surrounding context shows that the ice is embedded in brash ice, with younger ice edges and open leads visible in the distance. The']","['The image displays a large expanse of old, heavily ridged multi-year ice with weathered hummocks. The ice exhibits a pale blue color, indicating that it has been exposed to the atmosphere for an extended period. The surface is rough and ridged, with numerous melt ponds and drainage channels scattered across the ice. These features suggest that the ice has experienced multiple melting and freezing cycles, resulting in the formation of refrozen melt crusts. The presence of brash ice and younger ice edges in the surrounding context further supports the notion that this ice has been persistent in the Arctic environment for a considerable amount of time. Which part of the image shows the dense ice with melt scars appear as the finest texture?']",
1_1823_scat.jpg,"['The image depicts a blue ocean with a large amount of old ice, which appears to be heavily ridged and rough-surfaced. The ice exhibits a pale blue color, with some refrozen melt ponds visible on its surface. The presence of these melt ponds suggests that the ice has experienced multiple melting and freezing cycles, resulting in a more weathered and aged appearance.']","['The image displays a large area of old, heavily ridged multi-year ice with weathered hummocks. The ice exhibits a pale blue color, indicating that it has been exposed to air and sunlight for an extended period. The surface is rough and ridged, with numerous melt ponds and drainage channels scattered throughout the ice. These features suggest that the ice has experienced multiple melting and freezing cycles, resulting in the formation of refrozen melt crusts. The presence of brash ice and younger ice edges in the surrounding area further supports the notion that this ice has been persistent in the Arctic environment for a considerable amount of time. In which section can we detect the old ice zone with sediment streaks appear as the most evident?']",
1_1529_scat.jpg,"['The image shows old, multi-year sea ice with a pale blue color and rough, ridged surface texture. The ice has refrozen melt ponds and drainage channels, indicating that it has experienced multiple melting and freezing cycles. The presence of melt crusts and brash ice suggests that the ice has been exposed to the atmosphere, possibly during the summer months. Overall, the ice appears to be resilient and has likely experienced significant environmental changes over']","['The image displays a large expanse of old, multi-year sea ice in the Arctic Ocean. The ice exhibits a pale blue color, indicating that it has been exposed to the cold environment for an extended period. The surface is characterized by a rough and ridged texture, with numerous melt ponds scattered across the ice. These ponds are filled with water, which has a higher density than the surrounding ice, causing the ice to become more buoyant and potentially leading to the formation of brash ice. The presence of these melt ponds and the overall structure of the ice suggest that the ice has experienced significant melting and refreezing events, resulting in the formation of refrozen melt crusts and weathered hummocks. This highlights the dynamic nature of the Arctic sea ice and the challenges it faces due to climate change and other environmental factors. At what location does the presence of multi-year ice fragment with melt pits be most noticeable?']",
1_1822_scat.jpg,"['The image displays a large area of old, heavily ridged multi-year ice with weathered hummocks and numerous melt ponds. The ice appears to have been exposed to various weather conditions, leading to the formation of refrozen melt crusts and differential melting. The presence of these features suggests that the ice has persisted for a considerable amount of time, and the surrounding context indicates that it is embedded within a larger ice floe.']","['The image displays a large area of old, multi-year sea ice with a pale blue color. The ice exhibits a rough and heavily hummocked surface texture, indicating that it has been subjected to multiple freezing and thawing cycles. The presence of numerous melt ponds and drainage channels throughout the ice suggests that it has experienced significant melting in the past. The surrounding context shows that the ice is embedded within brash ice, with younger ice edges visible in the distance. The overall appearance of the ice indicates that it has persisted for an extended period, despite the significant melting it has experienced. Where does the textured weathered floe most clearly visible?']",
1_1915_scat.jpg,"[""The image displays a blue, heavily ridged multi-year ice with weathered hummocks, indicating that the ice has been exposed to various environmental factors and has experienced a significant amount of melting and refreezing. The presence of refrozen melt ponds and drainage channels suggests that the ice has undergone a phase of melting and refreezing, which could be related to the ice's persistence and salinity loss.""]","['The image displays a large area of old, heavily ridged multi-year ice with weathered hummocks. The ice exhibits a pale blue color, indicating that it has been exposed to the atmosphere for an extended period. The surface is rough, with numerous ridges and fractures, suggesting that the ice has experienced significant deformation and melting. The presence of melt ponds and drainage channels further supports this conclusion. The surrounding context includes embedded brash ice and younger ice edges, as well as open leads, indicating that the ice is not entirely stable and may be in the process of breaking up. Overall, the image provides valuable insights into the persistence and behavior of old sea ice in the polar ocean. At what location does the presence of heavily eroded ice ridge be most noticeable?']",
1_1914_scat.jpg,"['The image depicts a large area of old, multi-year sea ice with a pale blue color and rough, ridged surface texture. The ice is heavily hummocked and has numerous melt ponds and drainage channels, indicating that it has been exposed to the atmosphere for an extended period. The surrounding context shows that the ice is embedded in brash ice and has a mix of older and younger ice edges, suggesting that it is in a transitional phase between the older,']","[""The image displays a large expanse of old, heavily ridged multi-year ice with weathered hummocks. The ice exhibits a pale blue color, indicating that it has been exposed to the atmosphere for an extended period. The surface is rough and textured, with numerous melt ponds and drainage channels scattered across the ice. The presence of refrozen melt crusts and embedded brash ice suggests that the ice has experienced multiple freezing and thawing cycles. The overall appearance of the ice indicates that it has persisted for a considerable amount of time, withstanding the forces of melting and refreezing. The ice's salinity loss and melting phase can be inferred from the smoother refrozen surfaces, which suggest prior summer melt and consolidation. At what location does the heavily eroded ice ridge appear as the finest texture?""]",
1_2104_scat.jpg,"['The image displays a large expanse of old, multi-year sea ice with a pale blue color and rough, ridged surface texture. The ice is heavily hummocked, and there are numerous melt ponds and drainage channels visible, indicating that the ice has experienced significant melting and refreezing over time. The surrounding context includes brash ice and younger ice edges, suggesting that the ice is part of a larger ice pack.']","['The image displays a large expanse of old, multi-year sea ice in the Arctic. The ice exhibits a pale blue color, indicating that it has been exposed to the elements for an extended period. The surface is characterized by a rough, ridged texture, with numerous melt ponds and drainage channels scattered across the ice. The presence of refrozen melt crusts and weathered hummocks suggests that the ice has experienced multiple melting and freezing cycles. The surrounding context includes heavily hummocked ice and younger ice edges, indicating that the old ice is embedded within a larger sea ice formation. Overall, the image highlights the resilience and persistence of the Arctic sea ice in the face of changing environmental conditions. In which section can we detect the coarse-grained aged ice appear as the most delicate pattern?']",
1_1921_scat.jpg,"['The image displays a large expanse of old, heavily ridged multi-year ice with weathered hummocks and numerous melt ponds. The ice exhibits a pale blue color, indicating that it has been exposed to air and sunlight for an extended period. The presence of melt ponds and rough surface texture suggest that the ice has experienced significant melting and refreezing events, potentially due to climate change.']","['The image depicts a large expanse of old, multi-year sea ice with a pale blue color and rough, ridged surface. The ice exhibits numerous melt ponds and drainage channels, indicating that it has experienced a significant amount of melting and refreezing. The presence of refrozen melt crusts and brash ice surrounding the old ice floes suggests that the ice has been subjected to various weathering processes. The overall appearance of the ice indicates that it has been in the Arctic environment for an extended period, withstanding multiple melting and freezing cycles. This type of ice is crucial for maintaining the Arctic ecosystem and plays a vital role in climate regulation. In what region is the presence of surface with long-term melt traces be most noticeable?']",
1_1920_scat.jpg,"['The image displays a large expanse of old, multi-year sea ice with a pale blue color and rough, ridged surface texture. The ice appears to have experienced significant melting and refreezing, as evidenced by the presence of numerous melt ponds and drainage channels. The surrounding context includes embedded brash ice and younger ice edges, indicating that the ice has persisted for an extended period despite the changing environmental conditions.']","['The image displays a large area of old, multi-year sea ice with a pale blue color and rough, ridged surface texture. The ice is heavily hummocked, indicating that it has experienced multiple freezing and thawing cycles. The presence of numerous melt ponds and drainage channels suggests that the ice has been exposed to warmer temperatures, causing it to lose its salinity. The ice appears to be in a melting phase, as evidenced by the refrozen melt crusts and the surrounding context of embedded brash ice and younger ice edges. The overall appearance of the ice indicates that it has been resilient to the changing environmental conditions, but its structural integrity is gradually deteriorating. Where is the heavily eroded ice ridge appear as the smoothest appearance?']",
1_1816_scat.jpg,"['The image shows old, heavily ridged multi-year ice with weathered hummocks, indicating that the ice has been exposed to various weather conditions and has experienced some melting. The presence of refrozen melt ponds and drainage channels suggests that the ice has undergone multiple melting and freezing cycles, resulting in a rough and uneven surface. The overall appearance of the ice suggests that it has been in the Arctic for a considerable amount of time and has']","[""The image displays a large expanse of old, multi-year sea ice with a pale blue hue. The ice exhibits a rough and heavily hummocked surface texture, indicating that it has been subjected to multiple freezing and thawing cycles. The presence of numerous melt ponds and drainage channels throughout the ice suggests that it has experienced significant melting and refreezing events. The ice is embedded within a larger area of brash ice, which is indicative of the ice's persistence and resilience. Overall, the image portrays a scene of aged, heavily ridged sea ice with weathered hummocks and refrozen melt crusts, providing insight into the ice's history and resilience in the face of changing environmental conditions. Which part of the image shows the textured weathered floe appear as the weakest surface consolidation?""]",
1_1817_scat.jpg,"['The image displays a large area of old, heavily ridged multi-year ice with weathered hummocks and numerous melt ponds. The ice appears to be in a transitional phase, possibly experiencing increased melting or refreezing.']","['The image displays a large area of old, multi-year sea ice with a pale blue color and rough, ridged surface texture. The ice is heavily hummocked, indicating that it has experienced multiple freezing and thawing cycles. The presence of numerous melt ponds and drainage channels on the ice surface suggests that the ice has been exposed to warmer temperatures and has experienced some degree of melting. The surrounding context includes brash ice and younger ice edges, indicating that the ice is not entirely isolated and is part of a larger ice formation. Overall, the image suggests that the ice has persisted for an extended period, and its rough, ridged surface and numerous melt features indicate that it has experienced significant melting and refreezing events. Where is the old ice zone with sediment streaks appear as the least consolidated structure?']",
1_1327_scat.jpg,"['The image displays a large area of old, heavily ridged multi-year ice with weathered hummocks, indicating that it has been exposed to various weather conditions for an extended period. The ice exhibits a pale blue color and is interspersed with melt ponds, suggesting that it has experienced significant melting in the past. The presence of refrozen melt crusts and the surrounding context of embedded brash ice and younger ice edges provide further evidence of the ice']","['The image depicts a large area of old, multi-year sea ice with a pale blue color. The ice exhibits a rough and heavily ridged surface texture, indicating that it has experienced multiple melting and freezing cycles. The presence of numerous melt ponds and drainage channels throughout the ice suggests that the ice has been exposed to warmer temperatures and has undergone significant melting. The ice is embedded within a larger expanse of brash ice, which further supports the notion that this is an older, more resilient ice type. The overall appearance of the ice suggests that it has been exposed to varying environmental conditions, resulting in its current state of rough, ridged, and melt-scarred surfaces. At what location does the presence of refrozen melt crust be most noticeable?']",
1_1426_scat.jpg,"['The image displays a large area of old, multi-year sea ice with a pale blue color, rough surface texture, and numerous melt ponds. The ice appears to be in a melting phase, as evidenced by the presence of refrozen melt crusts and weathered hummocks.']","['The image displays a large expanse of old, multi-year sea ice with a pale blue color and a rough, ridged surface texture. The ice is heavily hummocked, indicating that it has experienced multiple freezing and melting cycles. The presence of melt ponds and drainage channels on the ice surface suggests that the ice has been exposed to warmer temperatures and has undergone some degree of melting. The surrounding context includes brash ice and younger ice edges, which further emphasizes the age of the ice. Overall, the image provides a clear visual representation of the aged sea ice, highlighting its distinct characteristics and the processes that have shaped its structure over time. Where can we observe the presence of heavily eroded ice ridge be most noticeable?']",
1_2109_scat.jpg,"['The image shows a large expanse of old, multi-year sea ice with a pale blue color and rough surface texture. The ice is heavily ridged and has weathered hummocks, indicating that it has been exposed to the elements for a long time. The presence of melt ponds and drainage channels suggests that the ice has experienced melting and refreezing cycles. The ice is surrounded by younger ice edges, indicating that it is part of a larger ice floe.']","['The image displays a large body of old, multi-year sea ice with a pale blue hue. The ice exhibits a rough and heavily ridged surface texture, indicating that it has been subjected to multiple freezing and thawing cycles. The presence of numerous melt ponds and drainage channels throughout the ice suggests that the ice has experienced significant melting and refreezing events. The ice is embedded within a larger expanse of brash ice, which further supports the notion that it is an old, aged sea ice formation. Overall, the image provides a clear visual representation of the complex structural and surface features commonly observed in old, multi-year sea ice. Where can we observe the presence of heavily ridged multi-year floe be most noticeable?']",
1_1427_scat.jpg,"['The image displays a large area of old, multi-year sea ice with a pale blue color and rough, ridged surface texture. The ice is heavily hummocked, indicating that it has experienced multiple melt and freeze cycles. The presence of melt ponds and drainage channels suggests that the ice has been exposed to warmer temperatures and has experienced some melting. The surrounding context includes embedded brash ice and younger ice edges, indicating that the ice is part of a']","[""The image displays a large area of old, multi-year sea ice with a pale blue hue. The ice exhibits a rough and heavily hummocked surface texture, indicating that it has experienced multiple freezing and thawing cycles. The presence of numerous melt ponds and drainage channels throughout the ice suggests that it has recently experienced a melting phase. The ice's surrounding context, including the presence of brash ice and younger ice edges, further supports the notion that this is an aged ice formation. Overall, the image portrays a scene of persistent, thick sea ice with visible signs of weathering and melting. Which area reveals the presence of old ice zone with sediment streaks be most noticeable?""]",
1_2108_scat.jpg,"['The image depicts a large expanse of old, multi-year sea ice with a pale blue color and rough, ridged surface texture. The ice is heavily hummocked and features numerous melt ponds, indicating that it has experienced significant melting and refreezing over time. The presence of refrozen melt crusts and surrounding context of brash ice and younger ice edges suggest that the ice has persisted despite the changing environmental conditions.']","['The image displays a large area of old, heavily ridged multi-year ice with weathered hummocks. The ice exhibits a pale blue color, indicating that it has been exposed to the atmosphere for an extended period. The surface is rough and textured, with numerous melt ponds and drainage channels scattered across the ice. These features suggest that the ice has experienced multiple melting and freezing cycles, leading to the formation of refrozen melt crusts. The presence of these crusts and the surrounding context of embedded brash ice and younger ice edges indicate that the ice has persisted in the area for a considerable amount of time. Overall, the image showcases the complex structure and history of the old ice, providing valuable insights into the dynamics of sea-ice formation and decay. Where does the refrozen melt ponds most clearly visible?']",
1_1913_scat.jpg,"['The image shows a large expanse of old, heavily ridged multi-year ice with weathered hummocks, indicating that the ice has been exposed to the elements for an extended period. The ice appears to be in a melting phase, as evidenced by the presence of refrozen melt ponds and drainage channels. The surrounding context includes embedded brash ice and younger ice edges, suggesting that the ice is not entirely isolated and may be influenced by the surrounding environment']","[""The image depicts a large area of old, multi-year sea ice with a pale blue hue. The ice exhibits a rough and ridged surface texture, indicating that it has been subjected to multiple freezing and thawing cycles. The presence of numerous melt ponds and drainage channels on the ice surface suggests that the ice has experienced significant melting and refreezing events. The surrounding context includes older ice edges and embedded brash ice, which further supports the notion that this ice has been around for a considerable amount of time. The ice's color and texture, along with the presence of melt features, suggest that it has likely experienced a significant amount of salinity loss and melting, indicating that it may be in the process of breaking up or experiencing a transition to younger, thinner ice. In what region is the dull-grey aged ice surface appear as the smoothest appearance?""]",
1_1912_scat.jpg,"['The image displays a large area of old, multi-year sea ice with a pale blue color, rough surface texture, and numerous melt ponds. The ice appears to be in a melting phase, as evidenced by the presence of refrozen melt crusts and weathered hummocks.']","['The image displays a large expanse of old, multi-year sea ice with a pale blue hue. The ice exhibits a rough and ridged surface texture, indicating that it has experienced multiple melting and freezing cycles. The presence of numerous melt ponds and drainage channels suggests that the ice has been exposed to warmer temperatures, causing the water to refreeze and form these features. The ice is embedded within a larger area of brash ice, which further supports the notion that the ice has been subjected to various environmental conditions. The overall appearance of the ice suggests that it has persisted for an extended period despite the challenges it has faced, such as increased salinity loss and exposure to melting phases. In what region is the coarse-grained aged ice appear as the most uniform and thin texture?']",
1_2103_scat.jpg,"['The image displays a large area of old, multi-year sea ice with a pale blue color and rough, ridged surface texture. The ice is interspersed with melt ponds and drainage channels, indicating that it has been exposed to melting and refreezing processes. The presence of refrozen melt crusts suggests that the ice has experienced multiple cycles of melting and freezing, which can impact its overall thickness and structural integrity.']","['The image displays a large expanse of old, multi-year sea ice with a pale blue hue. The ice exhibits a rough and heavily ridged surface texture, indicating that it has been subjected to multiple melting and freezing cycles. The presence of numerous melt ponds and drainage channels on the ice surface suggests that the ice has experienced significant melting and refreezing events. The surrounding context includes older ice edges and embedded brash ice, which further supports the notion that this is an aged, multi-year ice formation. Overall, the image showcases the resilience and adaptability of sea ice in the face of changing environmental conditions. At what location does the refrozen melt crust most clearly visible?']",
1_1927_scat.jpg,"['The image shows a large area of old, heavily ridged multi-year ice with weathered hummocks and refrozen melt ponds forming bright patches. The ice appears to have experienced significant melting and refreezing, resulting in a rough-surfaced floe with differential melting.']","[""The image depicts a large expanse of old, multi-year sea ice with a pale blue hue. The ice exhibits a rough, heavily hummocked surface texture, indicating that it has been subjected to multiple freezing and thawing cycles. The presence of numerous melt ponds and drainage channels on the ice surface suggests that the ice has experienced significant melting in the past. The surrounding context includes brash ice and younger ice edges, as well as open leads that have formed due to the ice's deformation. The ice's age and the presence of melt features suggest that it has been exposed to the ocean for an extended period, potentially leading to increased salinity loss and further degradation of the ice's structural integrity. Which zone represents the presence of heavily eroded ice ridge be most noticeable?""]",
1_1228_scat.jpg,"['The image shows a large area of old, heavily ridged multi-year ice with weathered hummocks, indicating that it has experienced multiple melt and freeze cycles. The ice is predominantly blue with some white areas, and there are numerous melt ponds and drainage channels visible on its surface, suggesting that it is in the process of melting.']","[""The image features a large area of old, heavily ridged multi-year ice with weathered hummocks. The ice exhibits a pale blue color, indicating that it has been exposed to the atmosphere for an extended period. The surface is rough, with numerous melt ponds scattered across the ice, which suggests that the ice has experienced multiple melting and freezing cycles. The presence of refrozen melt ponds forming bright patches indicates that the ice has recently experienced a melting phase. The surrounding context includes embedded brash ice and younger ice edges, as well as open leads that provide insight into the ice's persistence and salinity loss. Overall, the image highlights the resilience of the old ice and the complex processes that have shaped its structure and appearance. Which part of the image shows the heavily eroded ice ridge appear as the most uniform and thin texture?""]",
1_1810_scat.jpg,"['The image displays a large area of old, heavily ridged multi-year ice with weathered hummocks, indicating that it has experienced multiple melting and freezing cycles. The ice is blue-green in color, suggesting that it has been exposed to the atmosphere for an extended period, and the presence of melt ponds and drainage channels indicates that it is still undergoing melting processes. The ice is surrounded by younger ice edges and embedded brash ice, which further emphas']","[""The image displays a large area of old, multi-year sea ice with a pale blue hue. The ice exhibits a rough, ridged surface texture, indicating that it has experienced significant weathering and melting events. The presence of numerous melt ponds and drainage channels throughout the ice suggests that the ice has been exposed to warmer temperatures, causing the water to refreeze and form these features. The ice's surrounding context includes embedded brash ice and younger ice edges, which further emphasizes the ice's age and persistence. Overall, the image portrays a scene of old, heavily ridged multi-year ice with weathered hummocks, refrozen melt ponds forming bright patches, and rough-surfaced floes with differential melting. Where does the thick aged ice block appear as the weakest surface consolidation?""]",
1_1918_scat.jpg,"['The image displays old, heavily ridged multi-year ice with weathered hummocks, indicating that it has been exposed to various environmental factors for an extended period. The presence of refrozen melt ponds and drainage channels suggests that the ice has experienced multiple melting and freezing cycles, which could affect its thickness and structural integrity. The overall appearance of the ice indicates that it has been in the Arctic for a considerable amount of time and has experienced various stages']","[""The image displays a large expanse of old, multi-year sea ice with a pale blue hue. The ice exhibits a rough and heavily hummocked surface texture, indicating that it has experienced multiple freezing and thawing cycles. The presence of numerous melt ponds and drainage channels throughout the ice suggests that the ice has been subjected to significant melting and refreezing processes. The surrounding context reveals that the ice is embedded within a larger area of brash ice, indicating that it has likely been in the Arctic environment for an extended period. The ice's structure and appearance suggest that it has experienced significant deformation and weathering, which could be indicative of its resilience and persistence in the harsh Arctic conditions. In what region is the blue-white refrozen plateau appear as the most evident?""]",
1_1919_scat.jpg,"['The image displays old, heavily ridged multi-year ice with weathered hummocks, indicating that the ice has been exposed to various weather conditions and has experienced significant melting. The presence of refrozen melt ponds and drainage channels suggests that the ice has undergone multiple melting and refreezing cycles, resulting in a rough and textured surface.']","['The image displays a large area of old, heavily ridged multi-year ice with weathered hummocks. The ice exhibits a pale blue color, indicating that it has been exposed to the atmosphere for an extended period. The surface is rough and textured, with numerous melt ponds and drainage channels scattered throughout the ice. The presence of refrozen melt crusts suggests that the ice has experienced multiple freezing and thawing cycles. The surrounding context includes embedded brash ice and younger ice edges, as well as open leads that extend through the ice. The overall appearance of the ice suggests that it has persisted in the Arctic environment for a significant amount of time, experiencing various stages of melting and refreezing. At what location does the presence of dense ice with melt scars be most noticeable?']",
1_2017_scat.jpg,"['The image displays a large area of old, heavily ridged multi-year ice with weathered hummocks, indicating that it has been exposed to the elements for an extended period. The ice appears to be in a melting phase, as evidenced by the presence of melt ponds and refrozen melt crusts. The overall appearance of the ice suggests that it has experienced significant salinity loss and is now more susceptible to further melting.']","['The image depicts a large area of old, multi-year sea ice with a pale blue color. The ice exhibits a rough, ridged surface texture, indicating that it has experienced multiple freezing and melting cycles. The presence of numerous melt ponds and drainage channels on the ice surface suggests that the ice has been exposed to warmer temperatures, causing the meltwater to refreeze. The surrounding context shows that the ice is embedded in brash ice and is adjacent to younger ice edges, indicating that the ice has persisted for a considerable period. Overall, the image suggests that the ice has experienced significant melting and refreezing events, leading to the formation of melt ponds and a rough, ridged surface texture. At what location does the refrozen melt ponds appear as the most delicate pattern?']",
1_2016_scat.jpg,"['The image shows a blue, old ice surface with a rough texture, indicating that it has been exposed to the elements for a considerable amount of time. The presence of melt ponds and drainage channels suggests that the ice has experienced melting and refreezing events.']","['The image displays a large expanse of old, multi-year sea ice with a pale blue hue. The ice exhibits a rough and ridged surface texture, indicating that it has experienced multiple freezing and thawing cycles. The presence of numerous melt ponds and drainage channels throughout the ice suggests that the ice has been exposed to warmer temperatures and has experienced significant melting. The surrounding context, including the presence of brash ice and the edges of younger ice floes, further supports the notion that this ice has been in place for an extended period. The overall appearance of the ice suggests that it has been resilient in the face of changing environmental conditions, but its age and exposure to melting may have impacted its structural integrity and overall thickness. Which area reveals the surface with long-term melt traces appear as the finest texture?']",
1_1539_scat.jpg,"['The image shows a large expanse of old, heavily ridged multi-year ice with weathered hummocks and numerous melt ponds. The ice appears to be in a melting phase, as evidenced by the refrozen melt crusts and the presence of open leads. The color of the ice is pale blue, indicating that it has been exposed to the atmosphere for an extended period.']","['The image depicts a large expanse of old, multi-year sea ice with a pale blue color and a rough, ridged surface. The ice is heavily hummocked, indicating that it has experienced multiple freezing and thawing cycles. The presence of numerous melt ponds and drainage channels on the ice surface suggests that the ice has been exposed to warmer temperatures and has experienced significant melting. The ice is embedded within a larger area of brash ice, which further supports the notion that this is an older, more resilient ice formation. Overall, the image showcases the remarkable persistence and resilience of this aged sea ice in the face of changing environmental conditions. Which portion displays the presence of consolidated ancient floe be most noticeable?']",
1_1538_scat.jpg,"['The image displays a large area of old, heavily ridged multi-year ice with weathered hummocks and refrozen melt ponds. The ice appears to be in a melting phase, as indicated by the presence of melt ponds and rough surface texture.']","[""The image displays a large area of old, multi-year sea ice with a pale blue hue. The ice exhibits a rough and heavily ridged surface texture, indicating that it has experienced multiple freezing and thawing cycles. The presence of numerous melt ponds and drainage channels on the ice surface suggests that the ice has been exposed to warmer temperatures, causing the meltwater to pool and drain. The ice's proximity to younger ice edges and open leads further supports the notion that the ice is in a melting phase. Overall, the image highlights the ice's resilience and adaptability to changing environmental conditions. Which part of the image shows the old ice zone with sediment streaks most clearly visible?""]",
1_1716_scat.jpg,"[""The image displays a blue ocean with a large expanse of old, heavily ridged, and refrozen melt pond ice. The ice exhibits a pale blue color, and the surface is rough with numerous hummocks and ridges. The presence of melt ponds and drainage channels indicates that the ice has experienced significant melting and refreezing. The ice's age and the fact that it is still present in the ocean suggest that it has persisted despite""]","['The image displays a large area of old, heavily ridged multi-year ice with weathered hummocks. The ice exhibits a pale blue color, indicating that it has been exposed to the atmosphere for an extended period. The surface is rough, with numerous melt ponds scattered across the ice, suggesting that the ice has experienced multiple melting and freezing cycles. The presence of refrozen melt ponds forming bright patches indicates that the ice is still in the process of recovering from the melting season. The overall appearance of the ice suggests that it has been resilient to the changing environmental conditions, and its structure and color provide valuable information about its age and history. Where is the thick aged ice block most clearly visible?']",
1_1717_scat.jpg,"['The image depicts a large body of old, multi-year sea ice with a pale blue color and rough, ridged surface texture. The ice is heavily hummocked and features numerous melt ponds, indicating that it has experienced significant melting and refreezing over time. The presence of refrozen melt crusts and weathered hummocks suggests that the ice has been exposed to various environmental conditions, contributing to its aged appearance.']","['The image depicts a large expanse of old, multi-year sea ice with a pale blue hue. The ice exhibits a rough and heavily ridged surface texture, indicating that it has experienced significant weathering and melting events. The presence of numerous melt ponds and drainage channels on the ice surface suggests that the ice has been exposed to warm ocean water, causing the ice to refreeze and form these features. The surrounding context shows that the ice is embedded within a larger area of brash ice, indicating that it has persisted for an extended period. Overall, the image provides a clear visual representation of the aged and weathered state of the sea ice. Which part of the image shows the presence of dull-grey aged ice surface be most noticeable?']",
1_2028_scat.jpg,"['The image displays old, heavily ridged multi-year ice with weathered hummocks, indicating that the ice has experienced significant melting and refreezing events. The presence of refrozen melt ponds and drainage channels suggests that the ice is still in a melting phase, with some areas having experienced more melting than others.']","[""The image displays a large expanse of old, multi-year sea ice with a pale blue color and rough, ridged surface. The ice is heavily hummocked, indicating that it has experienced multiple freezing and thawing cycles. The presence of numerous melt ponds and drainage channels suggests that the ice has been exposed to warmer temperatures and has undergone significant melting. The surrounding context shows that the ice is embedded in brash ice, indicating that it is part of a larger ice floe. The ice's appearance and structure suggest that it has been in the Arctic for an extended period, and its salinity may have been significantly reduced due to the melting process. Where does the surface with long-term melt traces most clearly visible?""]",
1_2115_scat.jpg,"['The image displays old, heavily ridged multi-year ice with weathered hummocks, indicating that it has experienced significant melting and refreezing events. The presence of refrozen melt ponds and drainage channels suggests that the ice has been exposed to freshwater, which could have influenced its salinity and melting behavior. The overall appearance of the ice suggests that it has been in a melting phase, with some areas refreezing while others remain vulnerable to']","['The image features a large expanse of old, multi-year sea ice with a pale blue color. The ice exhibits a rough and heavily hummocked surface texture, indicating that it has been subjected to multiple freezing and thawing cycles. The presence of numerous melt ponds and drainage channels throughout the ice suggests that the ice has experienced significant melting in the past. The surrounding context includes older, more heavily ridged ice and refrozen melt crusts, which further emphasize the age and resilience of this ice. Overall, the image showcases the persistence and resilience of the old ice, despite the numerous melting phases it has undergone. In what region is the compressed multi-year formation appear as the clearest example?']",
1_1127_scat.jpg,"['The image displays a large area of old, heavily ridged multi-year ice with weathered hummocks and numerous melt ponds. The ice appears to have undergone significant melting and refreezing, resulting in a rough and textured surface.']","[""The image displays a large area of old, multi-year sea ice with a pale blue hue. The ice exhibits a rough and heavily hummocked surface texture, indicating that it has experienced multiple melting and freezing cycles. The presence of numerous melt ponds and drainage channels throughout the ice suggests that the ice has been exposed to warmer temperatures, causing the melting and refreezing of water. The surrounding context includes embedded brash ice and younger ice edges, as well as open leads that reveal the ice's dynamic nature. Overall, the image showcases the resilience and adaptability of the old sea ice in the face of changing environmental conditions. Which zone represents the irregular hummocky terrain most clearly visible?""]",
1_2114_scat.jpg,"['The image displays a large area of old, heavily ridged multi-year ice with weathered hummocks, indicating that it has experienced significant melting and refreezing events. The ice is predominantly blue, with some white and grey tones, and is interspersed with melt ponds and drainage channels. The presence of refrozen melt crusts and the surrounding context of embedded brash ice and younger ice edges suggest that this ice has been']","[""The image displays a blue-gray, heavily ridged multi-year ice with weathered hummocks, indicating that the ice has been exposed to various environmental conditions for an extended period. The ice is interspersed with numerous melt ponds, which have refrozen, forming bright patches on the surface. The presence of these melt ponds and the rough surface texture suggest that the ice has experienced a significant amount of melting and refreezing, possibly during the summer months. The surrounding context includes embedded brash ice and younger ice edges, which further emphasize the aged nature of the ice. Overall, the image showcases the complex interplay between the ice's structural features and the environmental factors that have shaped its appearance over time. In which section can we detect the coarse-grained aged ice appear as the initial freezing pattern?""]",
1_2121_scat.jpg,"['The image depicts a blue ocean with a large body of old ice floating on the surface. The ice appears to be heavily ridged and refrozen, indicating that it has been exposed to the elements for an extended period. The presence of melt ponds and drainage channels suggests that the ice has experienced melting and refreezing cycles, which can impact its thickness and overall structure.']","['The image displays a large expanse of old, multi-year sea ice with a pale blue color and a rough, ridged surface texture. The ice is heavily hummocked, indicating that it has experienced multiple freezing and thawing cycles. There are numerous melt ponds scattered across the ice, suggesting that the ice has been exposed to warmer temperatures and is in the process of melting. The presence of refrozen melt crusts further supports the idea that the ice has experienced a significant amount of melting and refreezing. The overall appearance of the ice indicates that it has been resilient in the face of changing environmental conditions, but its age and the presence of melt ponds suggest that it is not immune to the effects of climate change. Where can we observe the consolidated ancient floe appear as the most delicate pattern?']",
1_2022_scat.jpg,"['The image displays a blue, old ice surface with a rough, ridged texture, indicating that it has been exposed to various weather conditions for an extended period. The presence of melt ponds and drainage channels suggests that the ice has experienced melting and refreezing processes, which could affect its thickness and overall structure.']","['The image depicts a large expanse of old, multi-year sea ice with a pale blue color and rough, ridged surface texture. The ice is heavily hummocked, indicating that it has experienced multiple freezing and thawing cycles. The presence of numerous melt ponds and drainage channels throughout the ice suggests that the ice has been exposed to warmer temperatures and has experienced some degree of melting. The ice is also interspersed with younger ice edges, indicating that the older ice is gradually being replaced by fresher, thinner ice. Overall, the image provides a clear visual representation of the aged, rough-surfaced sea ice and its surrounding context. In which section can we detect the coarse-grained aged ice appear as the clearest example?']",
1_1544_scat.jpg,"['The image displays a large area of old, heavily ridged multi-year ice with weathered hummocks and numerous melt ponds. The ice appears to be in a melting phase, as evidenced by the presence of refrozen melt crusts and the surrounding context of embedded brash ice and younger ice edges.']","[""The image displays a large expanse of old, heavily ridged multi-year ice with weathered hummocks. The ice exhibits a pale blue color, indicating that it has been exposed to the atmosphere for an extended period. The surface is rough, with numerous melt ponds and drainage channels scattered throughout the ice, suggesting that the ice has experienced multiple melting and freezing cycles. The presence of refrozen melt crusts on the ice surface further supports this interpretation. The surrounding context includes heavily hummocked floes and embedded brash ice, which are indicative of the ice's persistence and resistance to melting. Overall, the image provides valuable insights into the ice's age, structure, and resilience to environmental changes. Where can we observe the blue-white refrozen plateau most clearly visible?""]",
