image,short_descriptions,long_descriptions,Unnamed: 3,prompt
1_4961_scat.jpg,"['The image displays a blue ocean with a large, green iceberg floating in the middle. The iceberg has a pinnacled structure and appears to be in the process of melting.']","[""The image displays a large, blue iceberg floating in the ocean. The iceberg exhibits a tabular shape with vertical stratified faces, indicating that it has likely been in the water for an extended period. The iceberg's surface is bluish, suggesting that it is not freshly calved but rather weathered and exposed to the ocean environment. The presence of a green area on the iceberg's side may indicate the presence of algae or other organisms, possibly due to the iceberg's proximity to warmer waters. Overall, the iceberg's morphology and coloration suggest that it has been in the water for a considerable amount of time and has experienced some degree of weathering and interaction with its surroundings. Which portion displays the presence of melting iceberg ridge be most noticeable?""]",,"""""""
You are an expert in polar oceanography and marine remote sensing, specializing in iceberg morphology and sea-ice interactions.

Your task: Analyze the given iceberg images and write a clear, factual visual description.

Rules:
1. Describe ONLY what is visually observable  do NOT infer unseen conditions or hidden structures.
2. Focus on morphological and textural features such as:
   - iceberg shape and structure (tabular, pinnacled, domed, eroded, fractured, etc.),
   - surface coloration (white, bluish, sediment-streaked, or weathered tones),
   - visible stratification, melt channels, crevasses, or calving faces,
   - surrounding environment (sea ice fragments, open water, wave interaction, brash ice).
3. Use precise scientific and glaciological terminology (e.g., ""tabular iceberg with vertical stratified faces"", ""pinnacled berg undergoing edge melt"", ""calved fragments dispersed in marginal ice zone"").
4. Avoid references to humans, wildlife, or vessels unless they are explicitly visible and relevant to scale estimation.
5. Include reasoning: briefly interpret what the visual characteristics suggest about the icebergs origin, age, or melting stage (e.g., rounded edges may indicate prolonged wave erosion).
6. Maintain an objective, technical tone, suitable for a remote sensing or cryospheric observation report.
""""""
"
1_5162_scat.jpg,"[""The image displays a blue ocean with a large iceberg floating in the water. The iceberg exhibits a pinnacled structure and is surrounded by a few sea ice fragments. The iceberg's coloration is predominantly white, with some bluish tones visible. The presence of the iceberg and the surrounding environment suggest that it is in the marginal ice zone, where it is likely experiencing melting and calving processes.""]","[""The image features a large, blue-tinted iceberg with a distinctive pinnacled structure. The iceberg appears to be in a stage of melting, as evidenced by the presence of melt channels and a calving face. The surrounding environment consists of a sea ice fragment and open water, suggesting that the iceberg is located in the marginal ice zone. The iceberg's morphology and coloration indicate that it has likely been exposed to the ocean for an extended period, possibly due to climate change or other environmental factors. Which zone represents the presence of massive floating iceberg be most noticeable?""]",,
1_5163_scat.jpg,"['The image displays a large blue iceberg with a fractured surface, surrounded by open water. The iceberg appears to be in the process of melting, as evidenced by the visible melt channels and crevasses.']","[""The image displays a large, blue iceberg floating in the ocean. The iceberg exhibits a pinnacled structure, with numerous vertical faces and a prominent, rounded top. The surface of the iceberg is predominantly white, indicating that it is covered in a layer of fresh snow. The iceberg appears to be relatively young, as it has not yet experienced significant melting or erosion from the surrounding environment. The presence of a few small icebergs in the background suggests that this iceberg may be part of a larger iceberg population in the area. Overall, the image provides a clear view of the iceberg's morphology and structure, offering insights into its origin, age, and potential interactions with the surrounding environment. Which area reveals the presence of massive floating iceberg be most noticeable?""]",,
1_4869_scat.jpg,"[""The image displays a blue ocean with a large iceberg floating on the surface. The iceberg exhibits a combination of tabular, pinnacled, and domed shapes, with visible stratification and melt channels. The surrounding environment includes sea ice fragments and open water, indicating the iceberg's location in the marginal ice zone.""]","[""The image displays a large, blue-tinged iceberg with a mix of pinnacled and tabular structures. The iceberg's surface exhibits a bluish hue, which could be due to the presence of sediment or algae. The iceberg appears to be in a melt-prone area, as evidenced by the presence of melt channels and a calving face. The surrounding environment consists of a few sea ice fragments and open water, indicating that the iceberg is in the process of breaking up and dispersing. The iceberg's unique morphology and coloration suggest that it has likely been exposed to the ocean for an extended period, possibly undergoing significant melting and weathering. In what region is the melting iceberg ridge most clearly visible?""]",,
1_4868_scat.jpg,"['The image shows a large iceberg floating in the ocean, with a blue hue and a few small patches of green. The iceberg appears to be in a melted state, with visible melt channels and a calved face. The surrounding environment includes a few sea ice fragments and open water.']","['The image depicts a large, blue iceberg floating in a body of water. The iceberg displays a mixture of textures, including a combination of pinnacled and tabular structures. The surface of the iceberg is predominantly blue, with some areas appearing more sediment-streaked. The iceberg is surrounded by a vast expanse of open water, indicating that it is likely in a marginal ice zone. The presence of a few smaller icebergs in the vicinity suggests that the area is experiencing ongoing iceberg calving and fragmentation. Overall, the image provides a snapshot of the dynamic and ever-changing nature of polar oceanography and marine remote sensing. Which area reveals the presence of eroded iceberg face be most noticeable?']",,
1_5270_scat.jpg,"[""The image features a large, blue iceberg with a green stripe, floating in a blue ocean. The iceberg exhibits a combination of tabular and pinnacled structures, with a few melt channels visible. The surrounding environment includes a few sea ice fragments and a wave interaction zone. The iceberg's unique coloration and morphology suggest that it may be a relatively young or recently calved iceberg.""]","[""The image features a large, blue-green iceberg with a long, narrow shape and a prominent, green stripe running along its length. The iceberg appears to be in a relatively stable position, with no signs of immediate calving or erosion. The coloration of the iceberg is a mix of blue-green and white, indicating a combination of fresh and older ice. The presence of the green stripe suggests that the iceberg may have formed in a region with a different water temperature or salinity than the surrounding water. Overall, the iceberg's morphology and coloration indicate that it has likely been in the water for an extended period, and its stability may be due to the surrounding environment or the iceberg's inherent structure. Which portion displays the presence of disintegrating ice mass be most noticeable?""]",,
1_5561_scat.jpg,"['The image depicts a large, blue-green iceberg with a mix of tabular and pinnacled structures. The iceberg appears to be in the process of melting, as evidenced by the presence of melt channels and a calved face. The surrounding environment includes sea ice fragments and open water, indicating that the iceberg is located in a marginal ice zone.']","[""The image displays a large, blue-green iceberg floating in the ocean. The iceberg exhibits a pinnacled structure, with multiple peaks and ridges visible on its surface. The iceberg's coloration is a mix of blue and green, which may indicate the presence of sediment or algae on its surface. The surrounding environment consists of a vast expanse of open water, with no visible land or ice shelves in the immediate vicinity. The iceberg's morphology and coloration suggest that it has been in the ocean for a considerable amount of time, possibly originating from a larger glacier or ice shelf. The pinnacled structure and the presence of algae or sediment on the iceberg's surface indicate that it is undergoing some degree of melting or erosion, which is a natural part of the iceberg's life cycle in the ocean. In which section can we detect the presence of flat-topped ice mass be most noticeable?""]",,
1_5665_scat.jpg,"['The image displays a blue ocean with a large iceberg floating in the middle. The iceberg is described as having a pinnacled structure, which suggests that it is relatively old and has experienced some melting. The surrounding environment consists of sea ice fragments and open water, indicating that the iceberg is located in a marginal ice zone.']","[""The image displays a large, blue-tinted iceberg floating in the ocean. The iceberg exhibits a tabular shape with vertical stratified faces, indicating that it has likely been in the water for an extended period. The surface of the iceberg appears to be weathered, with a bluish tint and sediment-streaked areas, suggesting that it has been exposed to the elements for some time. The iceberg's presence in the open water indicates that it has likely calved from a larger glacier, and its age and condition provide insights into the dynamics of the surrounding glacier and ocean environment. Which part of the image shows the presence of steep iceberg wall be most noticeable?""]",,
1_5560_scat.jpg,"['The image features a blue ocean with a green island in the middle. The island is surrounded by a blue water body, and it appears to be a lush green area. The island is situated in the middle of the water body, and it is surrounded by a vast expanse of water.']","[""The image features a large, blue iceberg with a prominent, circular depression in the center. The iceberg exhibits a mix of textures, including a combination of pinnacled and tabular structures. The surface coloration is predominantly blue, with some sediment-streaked areas visible. The iceberg appears to be in a melt stage, as evidenced by the presence of melt channels and the overall shape of the iceberg. The surrounding environment consists of sea ice fragments and open water, indicating that the iceberg is located in the marginal ice zone. The iceberg's origin and age can be inferred from its morphology and the presence of melt channels, suggesting that it has been in the water for an extended period and is now undergoing the process of melting. Where does the presence of tapered iceberg outline be most noticeable?""]",,
1_5169_scat.jpg,"['The image displays a blue iceberg with a green stripe, surrounded by open water. The iceberg appears to be in a stage of melting, as evidenced by the presence of melt channels and the overall shape of the iceberg.']","[""The image displays a large, blue iceberg floating in the ocean. The iceberg exhibits a pinnacled structure, with vertical faces and a prominent ridge running along its length. The iceberg's surface is predominantly blue, with some areas appearing slightly weathered. The iceberg's shape and structure suggest that it has been in the water for a considerable amount of time, possibly due to the prolonged exposure to waves and ocean currents. The presence of a ridge on the iceberg indicates that it may have experienced significant ice deformation and fracturing, which is a common characteristic of older icebergs. In what region is the presence of textured iceberg slope be most noticeable?""]",,
1_5664_scat.jpg,"['The image displays a blue iceberg with a pinnacled structure, surrounded by open water and a few sea ice fragments. The iceberg appears to be in the process of melting, as evidenced by the visible melt channels and the surrounding environment.']","[""The image features a blue-green polar ocean background with a large, tabular iceberg dominating the scene. The iceberg exhibits a mix of white and bluish tones, indicating a combination of fresh and weathered ice. The iceberg's shape and structure suggest that it has been subjected to prolonged wave erosion, resulting in rounded edges. The presence of a melt channel on the iceberg's surface indicates that it is in the process of melting, possibly due to the warming Arctic climate. The surrounding environment consists of sea ice fragments and open water, emphasizing the iceberg's location in the marginal ice zone. Overall, the image captures a dynamic and rapidly changing Arctic landscape. Where can we observe the tapered iceberg outline appear as the most uniform and thin texture?""]",,
1_5168_scat.jpg,"[""The image displays a large, blue iceberg with a fractured surface and a greenish tint. The iceberg appears to be in the process of melting, with visible melt channels and a calved face. The surrounding environment includes open water and a few sea ice fragments. The iceberg's morphology and coloration suggest that it has been in the water for a considerable amount of time, and its current state indicates that it is in the process of breaking up.""]","[""The image displays a large, blue-green iceberg floating in a vast body of water. The iceberg exhibits a combination of textures and colors, with a predominantly blue-green hue. The iceberg's shape is predominantly tabular, with a few pinnacled structures visible. The surface is characterized by numerous melt channels and crevasses, indicating that the iceberg is in the process of melting. The surrounding environment consists of sea ice fragments and open water, with waves interacting with the iceberg's edges. The presence of brash ice suggests that the iceberg is in a marginal ice zone, where it is more susceptible to melting and calving. Overall, the iceberg's morphology and coloration suggest that it is an older, more weathered iceberg that has been exposed to the elements for an extended period. Where does the massive floating iceberg most clearly visible?""]",,
1_5365_scat.jpg,"['The image features a blue iceberg with a fractured surface and a calved face, indicating that it has been in the water for a considerable amount of time.']","['The image depicts a large, blue iceberg floating in the ocean. The iceberg exhibits a combination of pinnacled and tabular structures, with a prominent vertical face. The surface of the iceberg is predominantly blue, with some areas displaying a bluish-green hue. The iceberg appears to be in the process of melting, as evidenced by the presence of melt channels and the overall fractured appearance. The surrounding environment consists of a mixture of open water and sea ice fragments, indicating that the iceberg is likely in a marginal ice zone. The presence of these features suggests that the iceberg has likely been exposed to the ocean for an extended period, and its age could be inferred as older than the typical seasonal icebergs. Where does the large tabular iceberg most clearly visible?']",,
1_5061_scat.jpg,"['The image depicts a large iceberg floating in the ocean, with a mix of blue and white colors on its surface. The iceberg appears to be in the process of melting, as evidenced by the presence of melt channels and the overall shape of the iceberg. The surrounding environment includes open water and sea ice fragments, indicating that the iceberg is located in a marginal ice zone.']","[""The image displays a large, blue iceberg floating in the ocean. The iceberg exhibits a pinnacled structure with vertical stratified faces, indicating that it has been in the water for an extended period. The presence of a large wave in the background suggests that the iceberg has been exposed to the dynamic ocean environment, possibly undergoing edge melt and calving events. The iceberg's unique shape and structure, along with its coloration, provide valuable insights into its formation, history, and interactions with the surrounding ocean. Where does the blocky iceberg base most clearly visible?""]",,
1_5364_scat.jpg,"[""The image displays a blue ocean with a large, pinnacled iceberg floating in the middle. The iceberg exhibits a combination of blue and white hues, indicating a mix of fresh and saltwater. The iceberg's structure and coloration suggest that it has been in the water for a considerable amount of time, possibly undergoing melting and weathering processes.""]","[""The image displays a large, blue iceberg floating in the ocean. The iceberg exhibits a tabular structure with vertical stratified faces, indicating that it has likely been in the water for an extended period. The surface of the iceberg is bluish, suggesting that it has been exposed to cold ocean temperatures for a considerable time. The iceberg's shape and coloration suggest that it has been subjected to wave erosion, which is a common process in the formation and evolution of icebergs. The presence of the iceberg in the ocean highlights the dynamic nature of polar oceanography and the importance of monitoring iceberg morphology and interactions with the surrounding environment. Which area reveals the towering ice formation appear as the finest texture?""]",,
1_5672_scat.jpg,"['The image depicts a large, blue iceberg floating in the ocean. The iceberg has a pinnacled structure and is surrounded by open water.']","[""The image features a large, blue iceberg floating in a body of water. The iceberg displays a mix of textures, including a combination of tabular and pinnacled structures. The iceberg's surface is predominantly white, with some bluish tones visible in certain areas. The iceberg appears to be in the process of melting, as evidenced by the presence of melt channels and a calving face. The surrounding environment includes sea ice fragments and open water, indicating that the iceberg is located in the marginal ice zone. Overall, the iceberg's morphology and coloration suggest that it has been exposed to the ocean for an extended period, and its melting process is likely influenced by the surrounding environment and climate conditions. Which part of the image shows the large tabular iceberg most clearly visible?""]",,
1_5463_scat.jpg,"['The image features a blue sky with a single iceberg floating in the water. The iceberg has a rounded shape and appears to be in a state of melting. The surrounding environment includes a few sea ice fragments, indicating that the iceberg is likely in a marginal ice zone.']","[""The image features a large, blue-tinted iceberg floating in a vast ocean. The iceberg exhibits a combination of pinnacled and tabular structures, with a noticeable vertical stratification on its faces. The surface of the iceberg appears to be weathered and sediment-streaked, suggesting that it has been exposed to the elements for an extended period. The surrounding environment consists of a vast expanse of open water, indicating that the iceberg is located in the marginal ice zone. The iceberg's morphology and coloration suggest that it has likely undergone prolonged wave erosion and is in the process of melting. In what region is the iceberg with visible melt grooves appear as the clearest example?""]",,
1_5462_scat.jpg,"['The image displays a large, blue-tinted iceberg with a mix of pinnacled and tabular structures, surrounded by open water. The iceberg appears to be in a melting stage, with visible melt channels and a calving face. The presence of a few sea ice fragments suggests that the iceberg is located in the marginal ice zone.']","[""The image displays a large, blue iceberg floating in the ocean. The iceberg exhibits a combination of tabular and pinnacled structures, with a prominent vertical face. The surface of the iceberg is predominantly blue, indicating a relatively fresh and unweathered appearance. The iceberg's shape and structure suggest that it has recently calved from a larger glacier, and its coloration indicates that it is still in the process of melting. The surrounding environment consists of sea ice fragments and open water, providing a backdrop for the iceberg's impressive size and structure. Where is the iceberg with visible melt grooves most clearly visible?""]",,
1_4670_scat.jpg,"['The image depicts a large iceberg floating in the ocean, surrounded by open water. The iceberg has a fractured structure and appears to be in the process of melting.']","[""The image displays a large, blue-green iceberg floating in a vast ocean. The iceberg exhibits a pinnacled structure, with numerous peaks and ridges visible on its surface. The iceberg's coloration is predominantly blue-green, with some areas appearing bluish. The iceberg's shape and structure suggest that it has been subjected to prolonged wave erosion, resulting in its current pinnacled form. The surrounding environment consists of open water and a few sea ice fragments scattered around the iceberg. The presence of these sea ice fragments indicates that the iceberg is likely located in a marginal ice zone, where the ice is more prone to melting and breaking off. Which area reveals the white iceberg flank appear as the finest texture?""]",,
1_5469_scat.jpg,"['The image features a blue ocean with a large iceberg floating on the surface. The iceberg is described as a ""pinnacled iceberg with vertical stratified faces"" and is surrounded by a ""marginal ice zone.""']","[""The image displays a large, blue iceberg with a mix of pinnacled and tabular shapes. The iceberg's surface exhibits a bluish hue, and it is surrounded by numerous small icebergs. The icebergs are dispersed throughout the scene, with some closer to the foreground and others further in the background. The presence of these smaller icebergs suggests that the larger iceberg may be in the process of calving or breaking apart. The iceberg's unique morphology and the surrounding environment provide valuable insights into the iceberg's origin, age, and melting stage. Where does the presence of angular ice formation be most noticeable?""]",,
1_5266_scat.jpg,"['The image displays a blue iceberg with a pinnacled structure and a fractured surface, indicating that it has been in the water for a considerable amount of time. The surrounding environment includes open water and sea ice fragments, suggesting that the iceberg is located in a marginal ice zone.']","['The image displays a large, blue iceberg with a tabular shape and a prominent, vertical stratified face. The iceberg is surrounded by open water, and there are several smaller icebergs dispersed in the marginal ice zone. The presence of a calving face and melt channels on the iceberg suggests that it is in the process of breaking off from a larger glacier and has been exposed to the ocean for an extended period. The blue coloration of the iceberg indicates that it is likely in a stage of melting, as the cold temperatures of the Arctic would typically result in a white or bluish-white coloration. Where can we observe the towering ice formation appear as the smoothest appearance?']",,
1_5468_scat.jpg,"[""The image displays a blue ocean with a large iceberg floating on the surface. The iceberg exhibits a combination of pinnacled and domed shapes, with some areas appearing weathered and eroded. The surrounding environment includes a few sea ice fragments and open water, indicating the iceberg's location in the marginal ice zone. The iceberg's morphology and coloration suggest that it has been exposed to the ocean for an extended period, possibly undergoing edge melt""]","[""The image displays a blue, polar ocean background with a large, tabular iceberg floating in the water. The iceberg exhibits a mix of white and bluish tones, indicating a combination of freshly fallen snow and water-ice interactions. The iceberg's surface is characterized by vertical stratified faces, which suggest that it has experienced significant melting and refreezing events. The surrounding environment includes a few sea ice fragments and open water, indicating that the iceberg is located in the marginal ice zone. Overall, the iceberg's morphology and coloration provide insights into its origin, age, and melting stage, which can be valuable for understanding the dynamics of polar ice and the broader cryosphere. Which zone represents the fragmenting iceberg section appear as the most delicate pattern?""]",,
1_5673_scat.jpg,"['The image features a blue-green iceberg with a green tip, surrounded by a sea of blue. The iceberg appears to be a pinnacled iceberg with a fractured surface, indicating that it has been subjected to wave erosion. The surrounding environment consists of a blue ocean with a few sea ice fragments dispersed in the marginal ice zone.']","[""The image displays a blue iceberg with a green tip, floating in a blue ocean. The iceberg exhibits a combination of pinnacled and tabular structures, with a prominent green tip. The surrounding water appears to be relatively calm, with no visible vessels or wildlife. The iceberg's unique coloration and morphology suggest that it may have originated from a specific region, possibly undergoing a particular stage of melting or erosion. The presence of the green tip may indicate that the iceberg is relatively young or has experienced recent changes in its structure. Overall, the image provides a glimpse into the fascinating world of icebergs and their interactions with the surrounding environment. Which zone represents the disintegrating ice mass most clearly visible?""]",,
1_5363_scat.jpg,"[""The image displays a large blue iceberg with a mix of textures, including pinnacled and tabular structures. The iceberg is surrounded by open water and sea ice fragments, indicating that it is in the process of calving from a larger ice sheet. The presence of melt channels and crevasses on the iceberg's surface suggests that it is undergoing melting and has been exposed to the ocean for an extended period.""]","[""The image features a large, blue iceberg with a prominent pinnacled structure. The iceberg appears to be in a stage of melting, as evidenced by the visible melt channels and the surrounding open water. The iceberg's coloration is predominantly blue, with some sediment-streaked areas visible on its surface. The presence of a few sea ice fragments in the surrounding environment suggests that the iceberg may have calved from a larger glacier or ice shelf. The overall appearance of the iceberg indicates that it has been subjected to prolonged wave erosion, which has contributed to its current shape and structure. In which section can we detect the presence of blue-tinted iceberg front be most noticeable?""]",,
1_5369_scat.jpg,"['The image features a blue ocean with a large, pinnacled iceberg floating on the surface. The iceberg exhibits a mix of blue and white colors, with a noticeable melt face on one side. The presence of the iceberg in the open water suggests that it has likely been in the ocean for some time and is experiencing melting processes.']","[""The image displays a blue ocean with a large, pinnacled iceberg floating on the surface. The iceberg exhibits a vertical stratified face, indicating that it has been in the water for an extended period. The surrounding environment includes a few sea ice fragments and a notable wave interaction, suggesting that the iceberg has been exposed to the ocean's dynamic conditions. The iceberg's morphology and coloration, along with the presence of the wave interaction, imply that it has likely experienced significant melting and weathering, possibly due to its age or exposure to the ocean's climate. Which zone represents the partly submerged berg section most clearly visible?""]",,
1_5362_scat.jpg,"['The image depicts a blue iceberg with a greenish hue, surrounded by sea ice and open water. The iceberg appears to be in the process of melting, with visible melt channels and a calving face. The surrounding environment suggests that the iceberg is located in the marginal ice zone.']","['The image features a blue and green iceberg with a prominent pinnacle, surrounded by a sea of blue. The iceberg appears to be in a melt-prone area, as evidenced by the presence of melt channels and the overall blue hue. The pinnacle suggests that the iceberg is relatively young, as older icebergs tend to have more rounded edges. The surrounding blue water indicates that the iceberg is likely in a marginal ice zone, where icebergs break off from larger ice sheets. The presence of melt channels and the blue coloration of the iceberg suggest that it is undergoing melting, which is a common occurrence in this type of environment. Which area reveals the towering ice formation most clearly visible?']",,
1_5267_scat.jpg,"['The image displays a blue iceberg with a mix of pinnacled and tabular shapes, surrounded by a sea of blue water. The iceberg appears to be in a melt stage, with visible melt channels and a calved face. The surrounding environment consists of sea ice fragments and open water, indicating that the iceberg is located in the marginal ice zone.']","['The image displays a large, blue-tinged iceberg with a complex and intricate structure. The iceberg exhibits a combination of pinnacled and domed shapes, with visible stratification and melt channels. The surrounding environment consists of a mixture of sea ice fragments and open water, indicating that the iceberg has likely been in the process of calving or breaking off from a larger ice sheet. The presence of a calving face suggests that the iceberg has been undergoing edge melt, which could be due to the warming Arctic climate. Overall, the image provides a glimpse into the dynamic and ever-changing nature of the polar oceanography and marine remote sensing. Where is the steep iceberg wall appear as the weakest surface consolidation?']",,
1_4967_scat.jpg,['The image displays a blue ocean with a large iceberg floating in it. The iceberg has a fractured surface and appears to be in the process of melting.'],"[""The image displays a large blue iceberg floating in the ocean. The iceberg exhibits a combination of pinnacled and tabular structures, with some areas appearing to be eroded or weathered. The coloration of the iceberg is predominantly blue, suggesting that it is relatively fresh and untouched by significant melting. The surrounding environment includes a few sea ice fragments and open water, indicating that the iceberg is located in the marginal ice zone. Overall, the iceberg's morphology and coloration suggest that it is a relatively young and well-preserved ice formation. Which area reveals the disintegrating ice mass appear as the weakest surface consolidation?""]",,
1_5566_scat.jpg,['The image depicts a blue ocean with a large iceberg floating in the water. The iceberg has a pinnacled structure and is surrounded by a sea of blue water.'],"[""The image features a large, blue-hued iceberg with a fractured surface and a few scattered sea ice fragments. The iceberg appears to be in a melting stage, as evidenced by the visible melt channels and the presence of open water in the surrounding environment. The iceberg's structure suggests that it has been subjected to prolonged wave erosion, giving it a rounded and weathered appearance. The blue hue of the iceberg could be attributed to the presence of sediment-streaked areas or the interaction with the surrounding water. Overall, the image captures a dynamic and evolving iceberg in the polar ocean. Where is the massive floating iceberg appear as the most uniform and thin texture?""]",,
1_4671_scat.jpg,"['The image displays a blue iceberg with a fractured surface, surrounded by open water and sea ice. The iceberg appears to be in the process of melting, as evidenced by the visible melt channels and the presence of open water around it.']","[""The image displays a blue and white iceberg with a fractured and weathered appearance. The iceberg exhibits a mix of vertical and horizontal stratification, indicating that it has been subjected to prolonged wave erosion. The presence of melt channels and crevasses on the iceberg's surface suggests that it is in the process of melting. The surrounding environment consists of sea ice fragments and open water, indicating that the iceberg is located in the marginal ice zone. Overall, the iceberg appears to be an older, weathered iceberg that has experienced significant wave interaction and melting. Where can we observe the white iceberg flank appear as the most evident?""]",,
1_5567_scat.jpg,['The image displays a blue ocean with a large iceberg floating on the surface. The iceberg has a pinnacled structure and appears to be in the process of melting.'],"[""The image displays a large, blue iceberg with a fractured surface, likely due to prolonged wave erosion. The iceberg exhibits a mix of pinnacled and domed structures, suggesting a combination of melting and wave-induced deformation. The presence of a melt channel on the iceberg's surface indicates that it is in the process of melting, and the surrounding environment consists of sea ice fragments and open water. The iceberg's unique morphology and coloration provide valuable insights into its origin, age, and melting stage. At what location does the partly submerged berg section most clearly visible?""]",,
1_5165_scat.jpg,"['The image displays a blue ocean with a large iceberg floating on the surface. The iceberg has a fractured and weathered appearance, indicating that it has been exposed to the elements for an extended period. The presence of a large body of water suggests that the iceberg may have originated from a distant glacier or ice shelf.']","[""The image depicts a large, blue iceberg floating in the ocean. The iceberg has a distinctive pinnacled structure, with multiple peaks and ridges visible on its surface. The coloration of the iceberg is predominantly blue, with some areas appearing more bluish in hue. The iceberg's shape and structure suggest that it has been in the water for an extended period, possibly due to the prolonged wave erosion. The presence of multiple peaks and ridges indicates that the iceberg is likely a tabular iceberg with vertical stratified faces. Overall, the image provides a clear view of the iceberg's morphology and textural features, offering insights into its origin, age, and melting stage. Which part of the image shows the towering ice formation most clearly visible?""]",,
1_5368_scat.jpg,"['The image features a blue iceberg with a pinnacled structure and a fractured surface. The iceberg appears to be in the process of melting, as evidenced by the visible melt channels. The surrounding environment includes sea ice fragments and open water, indicating that the iceberg is located in the marginal ice zone.']","[""The image displays a large, blue iceberg with a fractured surface and a mix of white and bluish tones. The iceberg exhibits a combination of pinnacled and tabular structures, with a few crevasses visible on its surface. The surrounding environment consists of a sea-ice fragmented area, with open water and brash ice nearby. The iceberg's morphology and coloration suggest that it has been subjected to prolonged wave erosion, indicating that it may have originated from a larger ice sheet and has experienced significant melting over time. At what location does the presence of iceberg with visible melt grooves be most noticeable?""]",,
1_5070_scat.jpg,['The image features a large blue iceberg with a fractured surface and a weathered appearance. The iceberg is surrounded by open water and appears to be in a stage of melting.'],"[""The image features a large, blue iceberg with a fractured surface. The iceberg exhibits a mix of tabular and pinnacled structures, indicating a complex and possibly older iceberg. The presence of melt channels and weathered tones suggest that the iceberg has been exposed to the elements for an extended period, leading to the formation of these features. The surrounding environment includes a significant amount of open water, indicating that the iceberg is likely in a marginal ice zone where icebergs are more prone to calving and melting. Overall, the iceberg's morphology and coloration provide insights into its origin, age, and melting stage. In what region is the partly submerged berg section appear as the most uniform and thin texture?""]",,
1_5570_scat.jpg,"['The image displays a blue ocean with a large iceberg floating on the surface. The iceberg has a pinnacled structure and is surrounded by a few smaller icebergs. The icebergs appear to be in a melt stage, with visible melt channels and crevasses. The scene suggests that the icebergs are in the process of melting and dispersing in the marginal ice zone.']","[""The image features a large, blue-tinged iceberg with a mix of pinnacled and tabular structures. The iceberg appears to be in a stage of melting, as evidenced by the presence of melt channels and a calved face. The surrounding environment consists of a sea ice fragment, indicating that the iceberg is likely located in the marginal ice zone. The iceberg's coloration and the presence of melt channels suggest that it has been exposed to the ocean for an extended period, leading to the erosion of its edges and the formation of melt channels. Which zone represents the steep iceberg wall most clearly visible?""]",,
1_5668_scat.jpg,"['The image displays a blue ocean with a large iceberg floating in the middle. The iceberg is characterized by its vertical stratified faces, suggesting that it has been in the water for a considerable amount of time. The surrounding environment includes sea ice fragments and open water, indicating that the iceberg is located in the marginal ice zone.']","[""The image displays a blue polar ocean with a large, tabular iceberg floating in the middle of the scene. The iceberg exhibits a distinctive blue hue, which is a result of the scattering of sunlight by the ice's surface. The iceberg's shape and structure suggest that it has been in the water for an extended period, as it has experienced wave erosion and fracturing. The surrounding environment consists of a few smaller icebergs and a significant amount of open water, indicating that the iceberg is in the marginal ice zone. The presence of the blue hue and the iceberg's structure implies that the iceberg is likely in the process of melting, as it has been exposed to the ocean's warmer temperatures for a considerable amount of time. Which portion displays the large tabular iceberg appear as the clearest example?""]",,
1_5465_scat.jpg,"['The image depicts a large blue iceberg floating in the ocean, with a fractured and weathered surface. The iceberg appears to be in the process of melting, as evidenced by the presence of melt channels and the surrounding open water.']","[""The image features a large, blue-tinted iceberg floating in a vast, dark blue ocean. The iceberg displays a mix of textures and colors, with a predominantly blue hue and some white accents. The iceberg exhibits a pinnacled structure, suggesting that it has experienced some degree of melting and is now in the process of regrowing its pinnacles. The surrounding environment consists of a vast expanse of open water, with no visible sea ice or other icebergs in the immediate vicinity. The iceberg's size and structure indicate that it is likely a relatively old and well-formed iceberg, possibly originating from a larger glacier or ice shelf. In which section can we detect the presence of angular ice formation be most noticeable?""]",,
1_5464_scat.jpg,"['The image displays a large blue iceberg floating in the ocean, with a fractured and weathered surface. The iceberg appears to be in a stage of melting, as evidenced by the presence of melt channels and the overall bluish hue.']","[""The image displays a large, blue-hued iceberg floating in the ocean. The iceberg exhibits a mix of textures, including a combination of tabular and pinnacled structures. The surface of the iceberg is predominantly blue, with some areas appearing bluish-green. The iceberg appears to be in the process of melting, as evidenced by the presence of melt channels and the overall fractured appearance. The surrounding environment consists of a vast expanse of open water, with no visible sea ice fragments or other objects. The iceberg's unique morphology and coloration suggest that it has likely been in the ocean for an extended period, and its melting state indicates that it is undergoing the process of deglaciation. In which section can we detect the presence of detached glacial iceberg be most noticeable?""]",,
1_5164_scat.jpg,"['The image features a large blue iceberg with a mix of pinnacled and tabular shapes, surrounded by a sea of open water. The iceberg appears to be in the process of melting, as evidenced by the presence of melt channels and a calving face. The surrounding environment includes a few sea ice fragments and a brash ice area, indicating that the iceberg is located in the marginal ice zone.']","[""The image features a blue ocean with a large, tabular iceberg floating on the surface. The iceberg exhibits a combination of white and bluish tones, indicating that it is likely undergoing melting. The iceberg's shape and structure suggest that it has been in the water for an extended period, as the edges appear to be more weathered and eroded. The surrounding environment consists of a few sea ice fragments, indicating that the iceberg is in a marginal ice zone. Overall, the image depicts a polar oceanography scene where the iceberg's morphology and coloration provide insights into its origin, age, and melting stage. Where does the isolated berg drifting region most clearly visible?""]",,
1_4768_scat.jpg,"['The image displays a large blue iceberg with a fractured surface and a weathered tone. The iceberg appears to be in a melting stage, as evidenced by the visible melt channels and the presence of open water. The surrounding environment includes sea ice fragments and brash ice, indicating that the iceberg is located in the marginal ice zone.']","[""The image features a large, blue iceberg with a fractured surface and a mix of white and bluish tones. The iceberg appears to be in the process of melting, as evidenced by the presence of melt channels and the overall discoloration. The iceberg's structure is a combination of tabular and pinnacled forms, with some areas exhibiting weathered tones. The surrounding environment includes sea ice fragments and open water, indicating that the iceberg is likely located in a marginal ice zone. The presence of brash ice suggests that the iceberg has been in the water for some time, and its current state reflects the ongoing effects of climate change on the Arctic ice. Which part of the image shows the flat-topped ice mass most clearly visible?""]",,
1_5669_scat.jpg,"[""The image displays a blue ocean with a large, tabular iceberg floating in it. The iceberg has a bluish hue and appears to be in a melting stage, with visible melt channels and a calving face. The surrounding environment includes sea ice fragments and open water, indicating the iceberg's location in the marginal ice zone.""]","['The image depicts a large, blue iceberg floating in a vast ocean. The iceberg displays a mixture of textures, including a combination of pinnacled and tabular structures. The surface of the iceberg is predominantly blue, with some areas exhibiting a bluish hue. The iceberg appears to be in the process of melting, as evidenced by the presence of melt channels and a calved face. The surrounding environment consists of a vast expanse of open water, with no visible sea ice fragments or brash ice. Overall, the image provides a glimpse into the dynamic nature of icebergs and their interactions with the ocean environment. Which part of the image shows the fragmenting iceberg section most clearly visible?']",,
1_4970_scat.jpg,"['The image features a blue ocean with a large iceberg floating on the surface. The iceberg exhibits a mix of pinnacled and domed structures, with some areas appearing weathered and fractured. The surrounding environment includes a few sea ice fragments, indicating the presence of a larger ice shelf or glacier in the area.']","[""The image depicts a large, blue iceberg floating in a vast ocean. The iceberg is predominantly white, with a few bluish tones visible on its surface. The iceberg exhibits a tabular shape, with vertical stratified faces and a prominent melt channel running through its center. The surrounding environment includes a few sea ice fragments dispersed in the marginal ice zone. The iceberg's structure and coloration suggest that it has been in the water for an extended period, possibly undergoing edge melt and weathering. Which part of the image shows the disintegrating ice mass most clearly visible?""]",,
1_5571_scat.jpg,"[""The image displays a blue ocean with a large iceberg floating in the water. The iceberg has a unique shape and structure, with visible stratification and melt channels. The surrounding environment includes sea ice fragments and open water, providing a clear view of the iceberg's morphology and interactions with its surroundings.""]","['The image depicts a large, blue iceberg floating in the ocean. The iceberg has a pinnacled structure and appears to be in the process of melting. The surface of the iceberg is covered in melt channels, indicating that the ice is in the early stages of melting. The surrounding environment includes a few sea ice fragments and open water, suggesting that the iceberg is located in the marginal ice zone. The presence of melt channels and the pinnacled structure suggest that the iceberg is relatively young and has not been exposed to the ocean for an extended period. Which zone represents the textured iceberg slope most clearly visible?']",,
1_4971_scat.jpg,"['The image features a blue-green iceberg with a pinnacled structure and a fractured surface, indicating that it is in the process of melting.']","[""The image depicts a large, blue iceberg floating in the ocean. The iceberg is characterized by its tall, vertical faces and a few smaller, more rounded features. The blue coloration of the iceberg suggests that it is likely a younger iceberg, as older icebergs tend to have more white or gray tones. The presence of a few smaller, rounded features indicates that the iceberg may have experienced some wave erosion or calving events. Overall, the iceberg's morphology and coloration suggest that it is a relatively young and dynamic iceberg, possibly in the process of breaking off from a larger glacier or experiencing changes in its structure due to oceanic forces. Where is the massive floating iceberg most clearly visible?""]",,
1_4769_scat.jpg,"['The image displays a blue iceberg with a pinnacled structure and a fractured surface. The iceberg appears to be in a stage of melting, as evidenced by the visible melt channels.']","[""The image depicts a blue ocean with a large, blue-green iceberg floating on the surface. The iceberg exhibits a mix of textures, including a combination of pinnacled and tabular structures. The iceberg's surface is characterized by a bluish-green hue, which is indicative of the presence of algae or other organic matter. The iceberg appears to be in the process of melting, as evidenced by the presence of melt channels and the surrounding water being discolored by the melting ice. The iceberg's location in the ocean suggests that it may have originated from a nearby glacier or ice shelf, and its current state indicates that it has been exposed to the ocean for an extended period of time. In what region is the towering ice formation most clearly visible?""]",,
1_5663_scat.jpg,['The image depicts a blue ocean with a large iceberg floating on the surface. The iceberg has a pinnacled structure and appears to be undergoing edge melt.'],"['The image depicts a large, blue-tinted iceberg floating in a vast body of water. The iceberg exhibits a combination of features, including a pinnacled structure and a tabular shape. The surface of the iceberg displays a mix of bluish and white tones, which may indicate varying degrees of weathering or the presence of sediment. The iceberg appears to be in the process of melting, as evidenced by the presence of melt channels and the overall blue tint of the ice. The surrounding environment consists of a few sea ice fragments and open water, suggesting that the iceberg is located in a marginal ice zone. Overall, the image provides a glimpse into the dynamic nature of icebergs and the processes that shape their morphology and behavior in the polar ocean. In which section can we detect the presence of massive floating iceberg be most noticeable?']",,
1_5760_scat.jpg,"[""The image features a large blue iceberg with a fractured surface, surrounded by a sea of blue water. The iceberg exhibits a mix of pinnacled and tabular structures, with some areas appearing weathered and eroded. The presence of melt channels and crevasses on the iceberg's surface suggests that it is undergoing melting, possibly due to the warmer water temperatures in the area.""]","[""The image features a blue ocean with a large, pinnacled iceberg floating in the middle. The iceberg displays a mix of white and blue tones, indicating a combination of fresh and weathered ice. The pinnacles are well-defined, suggesting that the iceberg is relatively young and has not yet experienced significant melting. The surrounding environment consists of a few sea ice fragments and open water, indicating that the iceberg is located in the marginal ice zone. Overall, the iceberg's morphology and coloration provide insight into its origin, age, and melting stage. In which section can we detect the eroded iceberg face appear as the least consolidated structure?""]",,
1_5662_scat.jpg,"['The image displays a blue ocean with a large, pinnacled iceberg floating in the water. The iceberg has a prominent vertical stratified face and is surrounded by sea ice fragments, indicating that it is in the marginal ice zone.']","[""The image displays a large, blue-tinted iceberg floating in the ocean. The iceberg exhibits a pinnacled structure, with vertical faces and a prominent ridge running through its center. The surface is predominantly white, with some bluish tones visible in certain areas. The iceberg appears to be in a melt stage, as evidenced by the presence of melt channels and the overall blue hue. The surrounding environment consists of a few sea ice fragments and open water, indicating that the iceberg is located in the marginal ice zone. The iceberg's unique morphology and coloration suggest that it has been subjected to prolonged wave erosion, which has contributed to its current state. Which zone represents the presence of partly submerged berg section be most noticeable?""]",,
1_5067_scat.jpg,"['The image depicts a blue iceberg with a fractured surface, surrounded by a sea of blue water. The iceberg appears to be in the process of melting, as evidenced by the visible melt channels and crevasses. The surrounding environment includes a few sea ice fragments and a wave interaction area, suggesting that the iceberg is located in a marginal ice zone.']","[""The image features a blue-green iceberg with a combination of tabular and pinnacled structures. The iceberg exhibits a mix of white and bluish tones, indicating a weathered or melted appearance. The iceberg's surface is adorned with numerous crevasses, which suggest that it is in the process of melting. The surrounding environment consists of a few sea ice fragments and open water, indicating that the iceberg is in a marginal ice zone. The iceberg's unique morphology and the presence of melt channels suggest that it is a relatively old and well-eroded iceberg, possibly originating from a larger glacier and experiencing prolonged wave erosion. Where does the blue-tinted iceberg front most clearly visible?""]",,
1_5569_scat.jpg,"['The image depicts a blue, cloudless sky with a large, tabular iceberg floating in the ocean. The iceberg has a white, bluish coloration and features a few melt channels, indicating that it is in the process of melting.']","['The image displays a blue polar ocean with a large, tabular iceberg floating in the water. The iceberg has a well-defined, rectangular shape with vertical stratified faces, indicating that it has been in the water for a considerable amount of time. The surrounding environment consists of numerous sea ice fragments scattered throughout the scene, suggesting that the iceberg is located in a marginal ice zone. The presence of these fragments indicates that the iceberg is likely in the process of melting or has recently calved from a larger ice sheet. In which section can we detect the isolated berg drifting region appear as the finest texture?']",,
1_4771_scat.jpg,"['The image features a large, blue-green iceberg with a pinnacled structure and a fractured surface. The iceberg appears to be in a stage of melting, with visible melt channels and a calved fragment dispersed in the marginal ice zone. The surrounding environment includes sea ice fragments and open water, indicating that the iceberg is in a polar oceanography setting.']","['The image displays a large, blue iceberg floating in the ocean. The iceberg exhibits a tabular shape with vertical stratified faces, indicating that it has been in the water for a considerable amount of time. The surface of the iceberg is predominantly white, with some bluish tones visible in certain areas. The iceberg appears to be in a melting stage, as evidenced by the presence of melt channels and a calved fragment dispersed in the marginal ice zone. The surrounding environment includes sea ice fragments and open water, suggesting that the iceberg is located in a region with active sea ice dynamics. Where is the presence of iceberg with visible melt grooves be most noticeable?']",,
1_5666_scat.jpg,"['The image displays a blue ocean with a large, tabular iceberg floating on the surface. The iceberg exhibits a bluish hue, and its shape suggests that it has been in the water for an extended period.']","[""The image displays a large, blue-tinged iceberg floating in the ocean. The iceberg exhibits a tabular shape with vertical stratified faces, suggesting that it has been in the water for an extended period. The surface coloration is predominantly white, indicating that the iceberg is still predominantly intact. The surrounding environment consists of a few sea ice fragments, indicating that the iceberg is in a marginal ice zone. The iceberg's morphology and coloration suggest that it has been in the water for a considerable amount of time, and its current state may indicate that it is undergoing melting or has already experienced some melting. Which portion displays the blue-tinted iceberg front most clearly visible?""]",,
1_5671_scat.jpg,"['The image features a large, blue-tinted iceberg with a pinnacled structure and a calved face. The iceberg is surrounded by open water and a few sea ice fragments. The presence of a calved face suggests that the iceberg is likely in a melting stage.']","[""The image features a large, blue-tinged iceberg floating in a vast, dark blue ocean. The iceberg exhibits a combination of tabular and pinnacled structures, with a noticeable vertical stratification on its faces. The surface is characterized by a mix of white and bluish tones, indicating varying degrees of melt and weathering. The iceberg's shape and coloration suggest that it has been in the water for an extended period, possibly due to the presence of melt channels and calving faces. The surrounding environment consists of numerous small icebergs and sea ice fragments, indicating that the iceberg is likely located in the marginal ice zone. Overall, the image provides a glimpse into the dynamic and ever-changing nature of polar oceanography and marine remote sensing. At what location does the massive floating iceberg most clearly visible?""]",,
1_5265_scat.jpg,"['The image displays a large, blue iceberg with a tabular structure and a pinnacled shape. The iceberg is surrounded by open water and sea ice fragments, indicating that it has likely calved from a larger glacier. The presence of melt channels and crevasses suggests that the iceberg is in the process of melting, possibly due to warming ocean temperatures.']","[""The image features a large, blue-tinted iceberg floating in a vast expanse of open water. The iceberg displays a mix of textures, including a combination of tabular and pinnacled structures. The surface of the iceberg exhibits a bluish hue, which could be attributed to the presence of sediment or algae. The iceberg appears to be in the process of melting, as evidenced by the presence of melt channels and a calved face. The surrounding environment consists of sea ice fragments and open water, indicating that the iceberg is located in the marginal ice zone. Overall, the iceberg's morphology and coloration suggest that it is an older, more weathered iceberg, which has been exposed to the elements for an extended period. Which area reveals the presence of blocky iceberg base be most noticeable?""]",,
1_5264_scat.jpg,"['The image features a large, blue iceberg with a domed shape and a fractured surface. The iceberg appears to be in the process of melting, with visible melt channels and a calving face. The surrounding environment includes sea ice fragments and open water, indicating that the iceberg is located in a marginal ice zone.']","[""The image features a large, blue-hued iceberg with a prominent, rounded shape. The iceberg appears to be in the process of melting, as evidenced by the presence of melt channels and a calved face. The surrounding environment includes a few sea ice fragments and open water, indicating that the iceberg is located in a marginal ice zone. The iceberg's morphology and coloration suggest that it is an older, more weathered iceberg, possibly originating from a larger glacier. The presence of melt channels and the calved face further support the notion that the iceberg is in the early stages of melting. At what location does the flat-topped ice mass appear as the most evident?""]",,
1_5667_scat.jpg,"[""The image depicts a blue ocean with a large, pinnacled iceberg floating in the middle of the scene. The iceberg exhibits a mix of white and bluish tones, suggesting that it has been exposed to the ocean for some time. The presence of a wave in the foreground adds context to the iceberg's location and the dynamic nature of the surrounding environment.""]","[""The image displays a large, blue-hued iceberg floating in a vast, dark blue ocean. The iceberg exhibits a combination of tabular and pinnacled structures, with a few melt channels visible on its surface. The iceberg's coloration appears to be a mix of white and bluish tones, possibly due to the presence of sediment or weathering. The surrounding environment consists of numerous sea ice fragments and a few open water areas, indicating that the iceberg is located in the marginal ice zone. The iceberg's morphology and coloration suggest that it has been in the water for a considerable amount of time, possibly experiencing prolonged wave erosion and melting. Which part of the image shows the presence of large tabular iceberg be most noticeable?""]",,
1_5670_scat.jpg,"['The image displays a blue ocean with a large, pinnacled iceberg floating on the surface. The iceberg has a distinctive, vertical stratified face, and its shape suggests that it has been in the water for a considerable amount of time.']","[""The image depicts a large, blue iceberg floating in the ocean. The iceberg is predominantly tabular with vertical stratified faces, and it appears to be in a stage of melting. The surface of the iceberg is bluish and exhibits some sediment-streaked areas. The iceberg is surrounded by a few sea ice fragments, indicating that it is located in the marginal ice zone. The presence of melt channels and crevasses on the iceberg's surface suggests that it has been undergoing edge melt for an extended period. The iceberg's shape and structure, along with its coloration and surrounding environment, provide insights into its origin, age, and melting stage. In which section can we detect the blocky iceberg base appear as the most delicate pattern?""]",,
1_5062_scat.jpg,"['The image displays a blue iceberg with a pinnacled structure, surrounded by a sea of blue water. The iceberg appears to be in a melting stage, as indicated by the presence of melt channels and the overall blue coloration.']","[""The image features a blue, polar ocean background with a large, tabular iceberg in the foreground. The iceberg exhibits a mix of white and bluish tones, indicating a combination of fresh and weathered ice. The iceberg's surface is characterized by vertical stratified faces, suggesting that it has experienced significant melting and refreezing. The surrounding environment consists of sea ice fragments and open water, indicating that the iceberg is located in the marginal ice zone. The presence of a wave-eroded, rounded edge on the iceberg's side hints at its age and the prolonged exposure to oceanic forces. Overall, the image showcases a fascinating iceberg with a rich history of melting, refreezing, and exposure to the dynamic polar ocean environment. Which zone represents the presence of large tabular iceberg be most noticeable?""]",,
1_5563_scat.jpg,"['The image features a blue ocean with a large iceberg floating on the surface. The iceberg is characterized by its rounded edges and a blue hue, which suggests that it has been in the water for a considerable amount of time. The presence of the iceberg in the ocean indicates that it has likely calved from a larger glacier or ice shelf, and is now drifting in the open water.']","['The image depicts a blue ocean with a large, tabular iceberg floating in the middle of the scene. The iceberg has a distinctive vertical stratified face, indicating that it has been in the water for a considerable amount of time. The surrounding environment consists of a few sea ice fragments and open water, suggesting that the iceberg is in the marginal ice zone. The presence of the tabular iceberg and the surrounding sea ice fragments indicate that the iceberg is likely in the process of melting, as the surrounding environment is not typical of a fully formed iceberg. In which section can we detect the presence of melting iceberg ridge be most noticeable?']",,
1_5366_scat.jpg,"[""The image displays a blue, polar ocean with a large iceberg floating in the water. The iceberg exhibits a combination of pinnacled and domed structures, with a few crevasses visible on its surface. The surrounding environment includes sea ice fragments and open water, indicating that the iceberg is in a marginal ice zone. The iceberg's morphology and coloration suggest that it is an older, more weathered iceberg, possibly undergoing edge melt""]","[""The image features a large, blue iceberg with a tabular shape and a vertical stratified face. The iceberg appears to be in a melt stage, as evidenced by the presence of melt channels and a fractured surface. The surrounding environment includes a mixture of sea ice fragments and open water, indicating that the iceberg is located in the marginal ice zone. The iceberg's unique morphology and the presence of melt channels suggest that it has been in the water for a considerable amount of time, possibly due to the ongoing climate change and the reduction of sea ice in the region. Which portion displays the presence of partly submerged berg section be most noticeable?""]",,
1_5472_scat.jpg,"[""The image displays a blue and green ocean with a large iceberg floating on the surface. The iceberg exhibits a combination of pinnacled and tabular structures, with a noticeable melt face and crevasses. The surrounding environment includes a few sea ice fragments and a wave interaction area. The iceberg's morphology and coloration suggest that it has been in the water for an extended period, possibly due to melting and wave erosion.""]","[""The image displays a large, blue iceberg floating in the ocean. The iceberg exhibits a mix of textures, including a combination of pinnacled and tabular structures. The surface of the iceberg is predominantly blue, with some areas appearing bluish-green. The iceberg appears to be in the process of melting, as evidenced by the presence of melt channels and a calved face. The surrounding environment consists of sea ice fragments and open water, with waves interacting with the iceberg. Overall, the iceberg's morphology and coloration suggest that it is an older, well-eroded iceberg, possibly originating from a glacier in the Arctic region. Which zone represents the eroded iceberg face appear as the most uniform and thin texture?""]",,
1_5568_scat.jpg,"['The image displays a large, blue-hued iceberg with a fractured surface, surrounded by open water. The iceberg exhibits a combination of pinnacled and tabular structures, indicating that it has likely been subjected to prolonged wave erosion.']","[""The image features a large, blue-tinted iceberg with a mix of pinnacled and domed structures. The iceberg appears to be in a stage of melting, as evidenced by the presence of melt channels and a fractured surface. The surrounding environment consists of a few sea ice fragments and a significant amount of open water. The iceberg's unique shape and coloration suggest that it may have originated from a specific glacier or region, and its current state indicates that it has been exposed to the elements for an extended period. Where is the presence of eroded iceberg face be most noticeable?""]",,
1_5562_scat.jpg,['The image displays a blue ocean with a large iceberg floating in it. The iceberg has a fractured surface and appears to be in the process of melting.'],"[""The image displays a large, blue iceberg floating in the ocean. The iceberg exhibits a combination of tabular and pinnacled structures, with a prominent vertical stratified face. The iceberg's surface is predominantly white, but it also features some bluish tones. The iceberg appears to be in the process of melting, as evidenced by the visible melt channels and the presence of brash ice surrounding the iceberg. The overall appearance of the iceberg suggests that it has been in the ocean for an extended period, and the melting process has caused the formation of melt channels and the erosion of its edges. Which part of the image shows the presence of blue-tinted iceberg front be most noticeable?""]",,
1_4962_scat.jpg,"['The image displays a blue ocean with a large iceberg floating in the middle. The iceberg is a pinnacled iceberg with vertical stratified faces, indicating that it is relatively old and has experienced significant melting. The surrounding environment includes sea ice fragments and open water, suggesting that the iceberg is in a marginal ice zone.']","[""The image displays a large, blue-tinted iceberg floating in a vast expanse of open water. The iceberg exhibits a tabular structure with vertical stratified faces, indicating that it is likely a relatively young and stable iceberg. The surface of the iceberg appears to be weathered and bluish, suggesting that it has been exposed to the elements for an extended period. The surrounding environment consists of numerous sea ice fragments scattered throughout the scene, indicating that the iceberg is located in a marginal ice zone where melting is more prevalent. The presence of these sea ice fragments and the iceberg's weathered appearance suggest that the iceberg is in the process of melting and breaking up. Which portion displays the towering ice formation most clearly visible?""]",,
1_5461_scat.jpg,"['The image displays a large iceberg floating in the ocean, with a mix of blue and green hues. The iceberg exhibits a combination of features such as a pinnacled structure, melt channels, and a fractured surface. The surrounding environment includes a sea ice fragment and open water, suggesting that the iceberg is in the process of melting and breaking apart.']","[""The image features a large, blue-green iceberg floating in the ocean. The iceberg displays a combination of tabular and pinnacled structures, with a noticeable vertical stratification on its faces. The iceberg's coloration is predominantly blue-green, indicating that it is likely in a relatively fresh state. The surrounding environment includes a few sea ice fragments and a small area of open water. The iceberg's morphology and coloration suggest that it is a relatively young and fresh iceberg, possibly originating from a larger glacier or ice shelf. Which area reveals the presence of white iceberg flank be most noticeable?""]",,
1_4969_scat.jpg,"['The image depicts a blue ocean with a large iceberg floating in it. The iceberg is described as having a pinnacled structure and a blue-green coloration, indicating that it is likely a young iceberg. The surrounding environment consists of a few sea ice fragments and a wave interaction area, suggesting that the iceberg is in the process of melting.']","[""The image displays a large, blue iceberg with a mixture of pinnacled and tabular structures. The iceberg exhibits a variety of textures, including a few areas of bluish coloration. The iceberg's surface is characterized by numerous melt channels, which are visible throughout the image. The iceberg appears to be in the process of melting, as evidenced by the presence of meltwater pools and the overall blue hue of the ice. The surrounding environment consists of a vast expanse of open water, indicating that the iceberg is located in the marginal ice zone. Overall, the image provides a clear visual representation of the iceberg's morphology and the ongoing melting process. Which part of the image shows the eroded iceberg face appear as the most evident?""]",,
1_5063_scat.jpg,"['The image features a large, blue iceberg with a mix of textures, including a pinnacled structure and a tabular face. The iceberg appears to be in the process of melting, as evidenced by the presence of melt channels and a calved face. The surrounding environment consists of sea ice fragments and open water, indicating that the iceberg is located in the marginal ice zone.']","[""The image depicts a large, blue iceberg floating in a vast body of water. The iceberg exhibits a combination of pinnacled and domed structures, with a few visible crevasses and melt channels. The iceberg's coloration is predominantly blue, with some areas appearing bluish-gray. The surrounding environment consists of numerous sea ice fragments, indicating the presence of a larger ice sheet or glacier. The iceberg's morphology and coloration suggest that it is an older, more weathered iceberg, possibly originating from a larger ice sheet and experiencing prolonged wave erosion. In what region is the towering ice formation appear as the weakest surface consolidation?""]",,
1_4963_scat.jpg,"[""The image displays a blue and green iceberg with a fractured surface, indicating that it has experienced significant melting. The iceberg's shape and structure suggest that it is a pinnacled iceberg with vertical stratified faces, which is typical for older icebergs. The surrounding environment consists of sea ice fragments and open water, indicating that the iceberg is in the marginal ice zone.""]","[""The image features a blue and green iceberg with a fractured surface, indicating that it has been subjected to considerable wave action. The iceberg displays a mix of pinnacled and tabular structures, suggesting that it has experienced a combination of erosion and deposition. The presence of melt channels and calving faces on the iceberg's surface indicates that it is in the process of melting, likely due to the warming ocean temperatures. The surrounding environment includes sea ice fragments and open water, which further supports the idea that the iceberg is in a melting stage. Overall, the iceberg's morphology and coloration suggest that it has been in the water for a considerable amount of time and is now experiencing the effects of climate change. At what location does the iceberg with visible melt grooves most clearly visible?""]",,
1_5659_scat.jpg,"['The image displays a blue ocean with several icebergs floating in it. The icebergs have different shapes and sizes, with some appearing to be pinnacled and others having a more rounded shape. The coloration of the icebergs ranges from white to bluish, and some are streaked with sediment. The surrounding environment includes sea ice fragments and open water, indicating that the icebergs are in a marginal ice zone. The presence of these icebergs suggests']","[""The image displays a blue ocean with a large iceberg floating on the surface. The iceberg exhibits a mix of pinnacled and domed shapes, with some areas appearing weathered and fractured. The iceberg's surface is predominantly white, with a few bluish tones visible. The iceberg's structure suggests that it has been exposed to the ocean for an extended period, allowing for wave erosion and weathering. The presence of a large iceberg in the ocean indicates that the area experiences significant sea ice formation and melting, which is crucial for understanding the dynamics of the polar oceanography and marine remote sensing. Which area reveals the tapered iceberg outline most clearly visible?""]",,
1_5367_scat.jpg,"[""The image features a blue iceberg with a pinnacled structure and a calved face, surrounded by a sea ice fragment. The iceberg appears to be in the process of melting, as evidenced by the visible melt channels and the presence of open water. The iceberg's unique shape and structure suggest that it may have originated from a larger glacier and has experienced significant erosion due to wave interaction and prolonged exposure to the ocean.""]","[""The image displays a large, blue-toned iceberg with a mix of pinnacled and tabular structures. The iceberg exhibits a variety of surface textures, including melt channels and crevasses, indicating that it is in the process of melting. The surrounding environment consists of sea ice fragments and open water, suggesting that the iceberg is located in the marginal ice zone. The iceberg's unique morphology and the presence of melt features suggest that it is a relatively young iceberg, possibly originating from a recent calving event. Which part of the image shows the presence of textured iceberg slope be most noticeable?""]",,
1_4968_scat.jpg,"['The image displays a large blue iceberg with a fractured surface and a green light source in the background. The iceberg appears to be in the process of melting, as indicated by the visible melt channels and crevasses. The surrounding environment includes open water and sea ice fragments, suggesting that the iceberg is located in a marginal ice zone.']","[""The image features a large, blue iceberg with a fractured and weathered appearance. The iceberg exhibits a mix of pinnacled and domed structures, with some eroded areas visible. The surface coloration is predominantly bluish, indicating that the iceberg is likely in a melting stage. The surrounding environment includes sea ice fragments and open water, suggesting that the iceberg is located in the marginal ice zone. The presence of melt channels and crevasses on the iceberg's surface indicates that it has been undergoing edge melt for an extended period. Overall, the iceberg's morphology and coloration suggest that it is an older, weathered iceberg that has been exposed to the ocean environment for a considerable amount of time. In which section can we detect the isolated berg drifting region most clearly visible?""]",,
1_4770_scat.jpg,"['The image displays a blue ocean with a large, pinnacled iceberg floating on the surface. The iceberg has a distinctive blue-green hue, and its shape and structure suggest that it has been in the water for an extended period. The surrounding environment includes sea ice fragments and open water, indicating that the iceberg is located in a marginal ice zone.']","[""The image displays a large, blue-tinted iceberg floating in the ocean. The iceberg exhibits a mix of textures, including a combination of pinnacled and domed shapes. The iceberg's surface is characterized by a bluish hue, which could be attributed to the presence of sediment or algae. The iceberg's edges show signs of erosion, indicating that it has been exposed to the ocean for some time. The surrounding environment features a few sea ice fragments, suggesting that the iceberg is in a marginal ice zone. Overall, the iceberg's morphology and coloration provide insights into its origin, age, and melting stage, which could be influenced by factors such as ocean currents and climate conditions. In which section can we detect the presence of tapered iceberg outline be most noticeable?""]",,
1_5068_scat.jpg,['The image displays a blue iceberg with a fractured surface and a greenish hue. The iceberg has a pinnacled structure and is located in the marginal ice zone.'],"[""The image features a large, blue iceberg with a mixture of textures and colors. The iceberg exhibits a combination of pinnacled and domed structures, with some areas appearing weathered and bluish in color. The iceberg's surface is dotted with numerous small, greenish-blue areas, which could be due to the presence of algae or other microorganisms. The surrounding environment includes a few small icebergs and a significant amount of open water, indicating that the iceberg is likely in a melting stage. The presence of multiple icebergs in the area suggests that this could be a region with a high concentration of icebergs, possibly influenced by ocean currents or other environmental factors. Which zone represents the detached glacial iceberg most clearly visible?""]",,
1_4870_scat.jpg,"['The image displays a large, blue iceberg with a fractured surface and a melt channel running through it. The iceberg appears to be in a stage of melting, with visible stratification and a weathered tone. The surrounding environment includes sea ice fragments and open water, indicating that the iceberg is located in the marginal ice zone.']","[""The image displays a blue ocean with a large, tabular iceberg floating in the middle. The iceberg exhibits a smooth, blue-green surface with some melt channels visible on its edges. The surrounding environment includes a few sea ice fragments and open water, indicating that the iceberg is likely in a marginal ice zone. The presence of melt channels and the iceberg's location in the ocean suggest that it is in the process of melting and breaking apart. Which area reveals the large tabular iceberg most clearly visible?""]",,
1_5370_scat.jpg,"['The image displays a large iceberg floating in the ocean, with a greenish-blue hue. The iceberg exhibits a combination of pinnacled and domed structures, along with a few crevasses and melt channels. The surrounding environment includes sea ice fragments and open water, indicating that the iceberg is in the process of melting.']","[""The image displays a large, green iceberg floating in the blue ocean. The iceberg exhibits a combination of tabular and pinnacled structures, with a prominent vertical stratified face. The surface coloration is predominantly white, indicating that the iceberg is in a relatively fresh state. The surrounding environment includes a few sea ice fragments and a notable wave interaction zone. The iceberg's morphology and coloration suggest that it is a relatively young and fresh iceberg, possibly originating from a nearby glacier. The presence of the vertical stratified face indicates that the iceberg may have experienced some melting, but it is not yet significantly eroded or broken apart. Where is the angular ice formation most clearly visible?""]",,
1_5471_scat.jpg,['The image displays a blue ocean with a large iceberg floating in the middle. The iceberg has a pinnacled structure and appears to be in the process of melting.'],"[""The image depicts a large, blue iceberg floating in the ocean. The iceberg is predominantly white, with some bluish tones visible on its surface. The iceberg displays a mix of textures, including a tabular structure and pinnacled formations. The iceberg's edges are eroded, and there are numerous melt channels and crevasses visible throughout the structure. The surrounding environment consists of sea ice fragments and open water, indicating that the iceberg is in a marginal ice zone. The presence of these features suggests that the iceberg is likely a calved fragment from a larger glacier, and it has been in the water for an extended period, experiencing significant melting and weathering. Which area reveals the detached glacial iceberg most clearly visible?""]",,
1_4871_scat.jpg,"[""The image displays a green and blue iceberg with a fractured structure and a melted face, indicating that it is in the process of melting. The iceberg's shape and coloration suggest that it has been in the water for a considerable amount of time, and its current state indicates that it is undergoing the transition from solid to liquid form.""]","['The image displays a blue-green iceberg with a distinctive green stem, floating in a blue ocean. The iceberg exhibits a mix of blue and green hues, with the green stem extending vertically from the center of the iceberg. The iceberg appears to be in a melt-prone region, as evidenced by the presence of a melt channel running through its center. The combination of blue and green colors, along with the melt channel, suggests that the iceberg is in the process of melting and has been exposed to warmer ocean temperatures. The presence of a stem also indicates that the iceberg has likely experienced some degree of deformation or fragmentation. Overall, the image captures a dynamic and evolving iceberg in a changing ocean environment. Which zone represents the eroded iceberg face most clearly visible?']",,
1_5065_scat.jpg,"['The image features a blue iceberg with a green hue, possibly due to algae growth. The iceberg is described as a ""greenish-blue iceberg with a pinnacled structure.""']","[""The image features a large, blue-green iceberg with a mix of pinnacled and tabular shapes. The iceberg appears to be in a melt stage, as evidenced by the presence of melt channels and a weathered, bluish-green coloration. The surrounding environment includes a significant amount of open water, suggesting that the iceberg is in a marginal ice zone. The iceberg's unique morphology and coloration indicate that it has likely experienced prolonged wave erosion, which could be a result of its location in the ice-ocean interaction zone. Which area reveals the blue-tinted iceberg front appear as the finest texture?""]",,
1_5371_scat.jpg,"['The image features a blue ocean with a large, blue iceberg floating on the surface. The iceberg displays a mix of pinnacled and domed structures, with some areas appearing weathered and eroded. The surrounding environment includes a few sea ice fragments, indicating that the iceberg is likely in a melting stage.']","[""The image displays a large, blue-hued iceberg floating in the ocean. The iceberg exhibits a combination of pinnacled and tabular structures, with a prominent vertical face. The iceberg's surface is predominantly blue, indicating that it has not melted significantly. The surrounding environment consists of numerous small icebergs and sea ice fragments, suggesting that the iceberg is located in the marginal ice zone. The iceberg's morphology and coloration indicate that it is likely an older, more stable iceberg, possibly originating from a larger glacier. The presence of the tabular face and the absence of significant melt also suggest that the iceberg is in a more stable stage of melting, rather than experiencing rapid deterioration. Where is the disintegrating ice mass appear as the least consolidated structure?""]",,
1_5470_scat.jpg,"['The image displays a blue ocean with a large iceberg floating on the surface. The iceberg is characterized by its vertical stratified faces and a pinnacled structure, suggesting that it has been in the water for a considerable amount of time. The surrounding environment includes sea ice fragments and open water, indicating that the iceberg is in a marginal ice zone.']","[""The image features a large, blue-hued iceberg with a tabular shape and vertical stratified faces. The iceberg appears to be in a melting stage, as evidenced by the presence of melt channels and the overall blue coloration. The surrounding environment includes a significant amount of open water, suggesting that the iceberg is located in a marginal ice zone. The iceberg's size and structure indicate that it has likely been in the water for an extended period, possibly due to the rapid retreat of sea ice in the region. Which zone represents the presence of angular ice formation be most noticeable?""]",,
1_5661_scat.jpg,"['The image displays a large, blue iceberg with a pinnacled structure and a few visible crevasses. The iceberg appears to be in a melt-prone area, suggesting that it may be relatively young or experiencing rapid melting.']","['The image features a large, blue-toned iceberg with a mix of textures and colors. The iceberg appears to be a tabular iceberg with vertical stratified faces, suggesting that it has been subjected to prolonged wave erosion. The surface is bluish in color, which might be due to the presence of sediment or algae. The iceberg is located in a marginal ice zone, where it is surrounded by sea ice fragments and open water. The presence of melt channels and crevasses on the iceberg indicates that it is undergoing melting, and the surrounding environment provides evidence of ongoing climate change in the polar region. Which zone represents the steep iceberg wall appear as the least consolidated structure?']",,
1_5161_scat.jpg,"['The image shows a large blue ocean with a few icebergs floating in the water. The icebergs have various shapes and sizes, with some appearing to be melting or eroding. The presence of these icebergs suggests that the area may be experiencing melting or calving events, which could have implications for the local ecosystem and climate.']","['The image features a large, tabular iceberg floating in the blue ocean. The iceberg exhibits a well-defined, rectangular shape with vertical stratified faces, indicating that it has likely been in the water for an extended period. The surface of the iceberg appears to be weathered and bluish in color, suggesting that it has been exposed to the elements for some time. The surrounding environment consists of a few sea ice fragments and open water, indicating that the iceberg is located in the marginal ice zone. The presence of these sea ice fragments and open water implies that the iceberg is likely in the process of melting, as it is no longer fully surrounded by sea ice. Which area reveals the blocky iceberg base appear as the most delicate pattern?']",,
1_5069_scat.jpg,"['The image displays a large, blue iceberg with a pinnacled structure and a calved face. The iceberg appears to be in a melt-prone area, with visible melt channels and a surrounding environment of open water and sea ice fragments.']","[""The image displays a large, blue iceberg with a circular shape and a darker blue hue. The iceberg appears to be in the process of melting, as evidenced by the presence of melt channels and the overall fading of its color. The surrounding environment consists of a few small icebergs and a significant amount of open water. The iceberg's unique circular shape and the presence of melt channels suggest that it may have been formed by a recent calving event, and its darker blue hue could be due to the presence of sediment or algae on its surface. At what location does the massive floating iceberg appear as the clearest example?""]",,
1_5064_scat.jpg,"['The image features a large, blue iceberg with a pinnacled structure and a fractured surface. The iceberg is situated in the middle of the ocean, surrounded by open water and sea ice fragments. The presence of melt channels and a calved face suggests that the iceberg is in the process of melting.']","[""The image displays a blue ocean with a large, tabular iceberg floating in the middle of the scene. The iceberg exhibits a well-defined, rectangular shape with vertical stratified faces, suggesting that it has been in the water for a considerable amount of time. The blue color of the iceberg indicates that it is not freshly calved, and the surrounding water appears to be relatively calm. The iceberg's presence in the middle of the ocean implies that it may have originated from a distant glacier, and its age and size could provide valuable information about the dynamics of the ice sheet it belongs to. Which portion displays the steep iceberg wall most clearly visible?""]",,
1_5660_scat.jpg,"['The image features a blue and green iceberg with a green spot on it, surrounded by a sea of blue. The iceberg has a pinnacled structure and appears to be in the process of melting.']","[""The image displays a large, blue iceberg with a greenish hue, floating in a body of water. The iceberg exhibits a mix of tabular and pinnacled structures, with a prominent calving face on one side. The iceberg's surface is characterized by a bluish tint, indicating the presence of sediment. The surrounding environment consists of a few sea ice fragments and open water. The iceberg's morphology and coloration suggest that it has been in the water for an extended period, possibly due to the melting of its edges. The presence of sediment on the iceberg's surface also indicates that it has been exposed to the water for some time. In what region is the presence of iceberg with visible melt grooves be most noticeable?""]",,
1_5262_scat.jpg,"['The image depicts a blue ocean with a large iceberg floating in the middle. The iceberg has a pinnacled structure and is surrounded by a sea of blue. The iceberg appears to be undergoing edge melt, and its shape suggests that it has been in the water for an extended period.']","['The image displays a large, blue-green iceberg with a distinctive pinnacled structure. The iceberg exhibits a combination of vertical and horizontal stratification, indicating that it has been subjected to prolonged wave erosion. The presence of melt channels and a calving face suggests that the iceberg is in the process of melting, possibly due to warmer ocean temperatures or increased solar radiation. The surrounding environment includes a few sea ice fragments, which further supports the idea that the iceberg is in the process of breaking up and dispersing in the marginal ice zone. Where can we observe the presence of eroded iceberg face be most noticeable?']",,
1_5166_scat.jpg,['The image displays a blue ocean with a large iceberg floating in it. The iceberg has a pinnacled structure and appears to be in the process of melting.'],"[""The image features a large, blue iceberg with a mixture of pinnacled and tabular structures. The iceberg appears to be in a melting stage, as evidenced by the presence of melt channels and a weathered, bluish-gray coloration. The surrounding environment includes sea ice fragments and open water, indicating that the iceberg is located in the marginal ice zone. The iceberg's unique shape and structure suggest that it has been subjected to prolonged wave erosion, which is a common occurrence in this particular region. Overall, the image provides valuable insights into the iceberg's origin, age, and melting stage. In what region is the partly submerged berg section appear as the initial freezing pattern?""]",,
1_5167_scat.jpg,"['The image features a blue ocean with a large iceberg floating on the surface. The iceberg has a pinnacled structure and is surrounded by a sea of open water. The iceberg appears to be in a melted state, with visible melt channels and a fractured surface.']","[""The image features a large, blue-tinted iceberg floating in a body of water. The iceberg exhibits a combination of pinnacled and tabular structures, with some areas appearing to be undergoing edge melt. The iceberg's coloration is predominantly white, with a few sediment-streaked areas visible. The surrounding environment consists of a few sea ice fragments and open water, indicating that the iceberg is in the marginal ice zone. The presence of melt channels and calving faces suggests that the iceberg is in the process of melting, and its age could be inferred as relatively recent, given the still-intact structure. At what location does the steep iceberg wall most clearly visible?""]",,
1_5268_scat.jpg,"['The image displays a blue iceberg with a pinnacled structure, surrounded by open water and sea ice fragments. The iceberg appears to be in a stage of melting, as evidenced by the visible melt channels and the presence of open water around it.']","[""The image displays a large, blue-tinted iceberg with a mix of pinnacled and tabular shapes. The iceberg exhibits a variety of textures, including weathered and fractured surfaces. The iceberg's coloration ranges from blue to bluish-white, indicating the presence of sediment or algae. The surrounding environment consists of sea ice fragments and open water, suggesting that the iceberg is in the process of calving or breaking off from a larger ice sheet. The presence of melt channels and crevasses on the iceberg's surface indicates that it is undergoing melting, possibly due to the warming climate or increased solar radiation. Overall, the iceberg's morphology and coloration suggest that it is an older, more weathered iceberg, which has been exposed to the elements for an extended period. Which area reveals the presence of iceberg fragment cluster be most noticeable?""]",,
1_5263_scat.jpg,"['The image depicts a blue ocean with a large, domed iceberg floating on the surface. The iceberg has a fractured and weathered appearance, suggesting it has been exposed to the elements for an extended period. The surrounding environment consists of a few small icebergs and a significant amount of open water.']","[""The image displays a blue ocean with a large, tabular iceberg floating on the surface. The iceberg exhibits a well-defined, rectangular shape with vertical stratified faces, indicating that it is an older, more stable iceberg. The surface of the iceberg appears to be weathered, with a bluish hue and some sediment-streaked areas. The surrounding environment consists of numerous sea ice fragments dispersed throughout the marginal ice zone, suggesting that the iceberg has been in the area for an extended period. The presence of these sea ice fragments and the iceberg's weathered appearance indicate that the iceberg is likely in the later stages of melting or has experienced prolonged wave erosion. Which part of the image shows the presence of detached glacial iceberg be most noticeable?""]",,
1_5361_scat.jpg,"[""The image features a blue ocean with a large iceberg floating on the surface. The iceberg exhibits a combination of pinnacled and domed structures, with a few visible crevasses and melt channels. The surrounding environment includes a few sea ice fragments and open water, indicating the iceberg's location in the marginal ice zone.""]","[""The image features a large, blue-green iceberg with a complex and intricate structure. The iceberg exhibits a combination of tabular and pinnacled shapes, with a noticeable vertical stratification on its faces. The surface is adorned with a mix of bluish and sediment-streaked tones, indicating varying degrees of weathering and melt. The iceberg is surrounded by a sea of open water, suggesting that it has recently calved from a larger glacier. The presence of numerous sea ice fragments in the vicinity further supports this notion. Overall, the iceberg's morphology and coloration provide valuable insights into its origin, age, and melting stage. Where does the presence of isolated berg drifting region be most noticeable?""]",,
1_4669_scat.jpg,"['The image displays a large blue iceberg with a fractured surface, surrounded by open water and sea ice fragments. The iceberg appears to be in the process of melting, as evidenced by the presence of melt channels and the overall blue hue.']","['The image depicts a large, blue-green ocean with a few icebergs floating in the water. One iceberg is prominently visible in the center of the scene, while another smaller iceberg is located towards the right side. The icebergs have a mix of textures, with one iceberg appearing to be a tabular iceberg with vertical stratified faces, while the other iceberg has a more pinnacled structure. The presence of these icebergs suggests that they may have originated from a nearby glacier, and their varying shapes and textures provide insights into their age, melting stage, and potential interactions with the surrounding environment. Where can we observe the melting iceberg ridge most clearly visible?']",,
1_5466_scat.jpg,"['The image displays a blue iceberg with a fractured surface, indicating that it has been subjected to considerable stress and melting. The presence of a calving face suggests that the iceberg has recently broken off from a larger ice mass, and the surrounding environment includes sea ice fragments and open water.']","[""The image features a large, blue iceberg with a mix of textures and colors. The iceberg exhibits a combination of pinnacled and tabular structures, with some areas appearing more weathered and eroded. The iceberg's coloration ranges from bluish hues to white, indicating varying levels of melting and exposure to the surrounding environment. The presence of melt channels and crevasses on the iceberg's surface suggests that it has been undergoing melting and calving processes. The surrounding environment includes sea ice fragments and open water, indicating that the iceberg is located in a marginal ice zone. Overall, the iceberg's morphology and coloration provide insights into its origin, age, and melting stage, which can be further analyzed using remote sensing and glaciological techniques. At what location does the fragmenting iceberg section most clearly visible?""]",,
1_5572_scat.jpg,"['The image displays a large, blue iceberg with a mixture of pinnacled and domed structures, surrounded by open water and a few sea ice fragments. The iceberg appears to be in a stage of melting, as evidenced by the presence of melt channels and the overall blue hue of the ice.']","[""The image features a blue polar ocean with a large, tabular iceberg floating in the middle. The iceberg exhibits a well-defined, rectangular shape with a smooth, unblemished surface. The color of the iceberg is predominantly blue, indicating that it is likely a young and fresh iceberg. The surrounding ocean appears to be relatively calm, with no visible signs of turbulence or strong currents. The iceberg's presence in the middle of the ocean suggests that it may have been recently calved from a larger ice sheet or glacier, and it is likely in the early stages of melting or breaking up. In what region is the blocky iceberg base most clearly visible?""]",,
1_5467_scat.jpg,"[""The image features a blue iceberg with a mix of white and blue tones, surrounded by a blue ocean. The iceberg exhibits a combination of pinnacled and tabular structures, with some areas appearing weathered and fractured. The surrounding environment includes a few sea ice fragments and a wave interaction zone. The iceberg's morphology and coloration suggest that it has been exposed to the ocean for a considerable amount of time, possibly indicating a warmer climate or mel""]","[""The image displays a large, blue iceberg with a prominent, rounded shape and a few visible melt channels. The iceberg appears to be in a stage of melting, as indicated by the presence of melt channels and the overall blue coloration. The surrounding environment consists of a vast expanse of open water, suggesting that the iceberg has likely been floating in the ocean for some time. The iceberg's morphology and coloration provide insights into its origin and age, potentially indicating that it has been in the water for an extended period, and has experienced significant melting during that time. Where can we observe the steep iceberg wall appear as the weakest surface consolidation?""]",,
1_5573_scat.jpg,['The image displays a blue ocean with a large iceberg floating in it. The iceberg has a pinnacled structure and is surrounded by a sea of blue.'],"[""The image features a large, blue-green iceberg with a mixture of pinnacled and tabular structures. The iceberg exhibits a variety of textures, including a prominent wave-eroded area on its side. The iceberg's coloration is a combination of white and bluish hues, indicating a mix of fresh and weathered ice. The surrounding environment consists of sea ice fragments and open water, with some brash ice visible in the foreground. The iceberg's morphology and coloration suggest that it has been exposed to the ocean for an extended period, possibly due to melting or calving events. The presence of melt channels and crevasses on the iceberg's surface indicates that it is undergoing some degree of melting, although the specific stage of melting cannot be determined with certainty from the image alone. At what location does the flat-topped ice mass most clearly visible?""]",,
1_5269_scat.jpg,"['The image depicts a blue ocean with a large iceberg floating on the surface. The iceberg has a fractured and weathered appearance, indicating that it has been exposed to the elements for an extended period. The presence of a wave in the background suggests that the iceberg is in motion, possibly due to wind or ocean currents.']","['The image depicts a blue ocean with a large, tabular iceberg floating in the middle of the scene. The iceberg exhibits a well-defined, vertical stratified face, suggesting that it has been in the water for a considerable amount of time. The surrounding environment consists of numerous sea ice fragments, indicating that the iceberg is likely located in the marginal ice zone. The presence of the iceberg and the sea ice fragments highlights the dynamic nature of the polar oceanography and the importance of monitoring iceberg morphology and interactions with the surrounding environment. Which portion displays the flat-topped ice mass most clearly visible?']",,
1_5564_scat.jpg,"['The image displays a blue ocean with a large iceberg floating in the water. The iceberg has a pinnacled structure and is surrounded by a few sea ice fragments. The iceberg appears to be in the process of melting, as evidenced by the visible melt channels and the presence of open water around it.']","[""The image displays a blue ocean with a large, tabular iceberg floating on the surface. The iceberg exhibits a well-defined, rectangular shape with vertical stratified faces, indicating that it has likely been in the water for an extended period. The iceberg's blue hue suggests that it is not freshly calved, but rather has been exposed to the ocean for some time. The lack of visible melt channels or crevasses on the iceberg's surface indicates that it is not in an advanced stage of melting. Overall, the image portrays a large, well-formed iceberg that has likely been in the water for a considerable amount of time. Which part of the image shows the presence of massive floating iceberg be most noticeable?""]",,
1_5565_scat.jpg,"['The image features a blue ocean with a large iceberg floating on the surface. The iceberg has a fractured and weathered appearance, suggesting that it has been exposed to the elements for an extended period. The presence of the iceberg in the ocean indicates that it may have originated from a nearby glacier or ice shelf.']","[""The image features a blue ocean with a large, tabular iceberg floating in the middle. The iceberg exhibits a well-defined, rectangular shape with vertical stratified faces, indicating that it is likely a recently calved fragment. The surrounding ocean appears to be relatively calm, with no visible signs of turbulence or strong currents. The iceberg's position in the middle of the scene suggests that it is not particularly close to the shoreline or any other notable features. Overall, the image provides a clear view of the iceberg's morphology and its position in the ocean. In what region is the presence of eroded iceberg face be most noticeable?""]",,
1_5170_scat.jpg,"['The image displays a blue ocean with a large, blue iceberg floating in the middle of it. The iceberg has a fractured surface and is surrounded by a few sea ice fragments. The overall appearance suggests that the iceberg is in the process of melting.']","['The image displays a blue ocean with a large, tabular iceberg floating in the middle of the scene. The iceberg exhibits a prominent vertical stratification, with a clear separation between the upper and lower faces. The surface of the iceberg appears to be weathered and sediment-streaked, indicating that it has been exposed to the ocean for an extended period. The surrounding environment consists of numerous small icebergs and sea ice fragments, suggesting that the iceberg is located in a marginal ice zone. The presence of these smaller icebergs and the tabular structure of the main iceberg suggest that it has likely been in the ocean for a considerable amount of time, and the weathering and sedimentation on its surface indicate that it is undergoing the process of melting. Where can we observe the eroded iceberg face most clearly visible?']",,
