image,short_descriptions,long_descriptions,Unnamed: 3,prompt
1_2453_scat.jpg,"['The image shows a large body of water with a mosaic of thin floes in a partial melt stage. The floes are dispersed and separated by dark leads, indicating active breakup under warmer conditions.']","['The image displays a vast expanse of the Arctic Ocean with a mosaic of thin floes in a partial melt stage. The floes are dispersed and separated by dark leads, indicating active breakup under warmer conditions. The water between the floes appears to be mostly meltwater, with some areas appearing smoother and ridged, suggesting that the ice is in the process of melting and re-forming. The presence of multiple floes of varying sizes and thicknesses indicates that the ice is dynamic and constantly changing in response to environmental factors. Which zone represents the dispersed ice fragments appear as the smoothest appearance?']",,"""""""
You are an expert in polar oceanography and marine remote sensing, specializing in the observation of floating sea ice and fragmented ice fields.

Your task: Analyze the given floating ice images and write a clear, factual visual description.

Rules:
1. Describe ONLY what is visually observable  do NOT infer unseen conditions or processes.
2. Focus on visible physical and spatial features such as:
   - floe size and distribution (small fragments, dispersed floes, compact clusters),
   - surface characteristics (smooth, ridged, snow-covered, or partially melted),
   - water patterns between floes (dark open leads, thin newly formed ice, brash accumulation),
   - tonal variations or color gradients indicating thickness differences or meltwater presence.
3. Use precise scientific and cryospheric terminology (e.g., dispersed floating floes separated by dark leads, brash ice accumulating between fragmented sheets, mosaic of thin floes in partial melt stage).
4. Avoid references to humans, wildlife, or vessels unless they are explicitly visible and relevant to spatial scale.
5. Include reasoning: briefly interpret what the observed features might indicate about the ice condition, mobility, or melting stage (e.g., wide leads and irregular edges suggest active breakup under warmer conditions).
6. Maintain an objective, technical tone appropriate for a remote sensing or cryospheric field observation report.
"""""""
1_2452_scat.jpg,"['The image depicts a large body of water with a mosaic of thin floating ice floes dispersed throughout the scene. The ice floes vary in size and are separated by dark leads, indicating an active breakup process under warmer conditions.']","['The image depicts a vast expanse of the ocean with a predominantly blue hue. Floating ice can be observed in various forms, such as small fragments, dispersed floes, and compact clusters. The ice appears to be in a melted state, with some areas showing signs of melting and others still maintaining a solid structure. The presence of these floating ice pieces suggests that the ocean is experiencing warmer temperatures or that the ice has recently broken off from a larger ice field. The overall scene conveys the dynamic nature of the polar oceanography and the importance of monitoring the changing conditions of the Arctic. Which part of the image shows the thin floating sheet most clearly visible?']",,
1_860_scat.jpg,"['The image displays a blue ocean with a large area of floating ice, including both compact clusters and dispersed floating floes. The ice appears to be in a meltwater-rich environment, with a mix of ridged and smooth surfaces. The overall scene suggests a dynamic and changing ice condition.']","['The image displays a blue-green ocean with a large, dark blue area in the center, surrounded by a few smaller, scattered blue areas. There are also a few green areas in the scene. The dark blue area in the center appears to be a large, fragmented ice field, with numerous small floes dispersed throughout the area. The presence of these floes suggests that the ice is in the process of breaking up and melting, possibly under warmer conditions. The scattered blue areas and green areas might represent smaller ice formations or other oceanic features. Overall, the image depicts a dynamic and changing ocean environment with a focus on the fragmented ice field in the center. In which section can we detect the thin floating sheet most clearly visible?']",,
1_758_scat.jpg,"['The image depicts a large body of water with a significant amount of floating ice, including both small and large floes dispersed throughout the area. The ice appears to be in various stages of melting, with some areas showing signs of fragmentation and others appearing more stable. The presence of numerous floes and their varying sizes and positions suggest that the ice is undergoing a dynamic and possibly unstable state in response to environmental conditions.']","['The image depicts a large expanse of blue ocean with numerous small, dispersed floating ice floes scattered throughout the scene. The ice floes vary in size and are dispersed across the ocean, creating a mosaic of thin floes in a partially melted stage. The presence of these small floes suggests that the ice is in the process of breaking up under warmer conditions. The overall scene indicates a dynamic and changing environment in the polar ocean, with the ice continuously adapting to the changing conditions. Where does the dispersed ice fragments appear as the weakest surface consolidation?']",,
1_1264_scat.jpg,"['The image depicts a blue-green polar ocean with a mosaic of thin floating ice floes dispersed throughout the scene. The ice appears to be in a partially melted stage, with some floes separated by dark leads and others accumulating between fragmented sheets. The overall scene suggests a dynamic and active ice environment, possibly undergoing melting or breakup processes.']","['The image displays a large expanse of floating ice, predominantly consisting of small, dispersed floes separated by dark leads. The ice appears to be in a partially melted stage, with some areas exhibiting a smoother, ridged surface, while others show signs of snow-covered or partially melted ice. The tonal variations and color gradients indicate a mosaic of thin floes, suggesting that the ice is in a dynamic state, possibly experiencing warmer conditions or ongoing melting processes. The presence of these features highlights the importance of monitoring and understanding the behavior of floating ice in the context of climate change and its impact on the polar environment. Which area reveals the presence of patch of free ice be most noticeable?']",,
1_2769_scat.jpg,"['The image displays a large body of water with numerous small floating ice pieces scattered throughout the scene. The ice appears to be in a melted state, with some areas showing signs of recent melting. The ice pieces vary in size and are dispersed throughout the water, creating a dynamic and ever-changing landscape.']","['The image depicts a vast expanse of blue water with numerous small, dispersed floating ice floes scattered throughout the scene. The ice floes vary in size and are interconnected, forming a complex mosaic of intermingled ice sheets. The water appears to be relatively calm, with no visible signs of strong currents or turbulence. The presence of these small ice floes suggests that the ice is in the process of breaking up or melting, as the larger, more cohesive ice sheets have likely already melted or been displaced. The overall scene conveys a sense of dynamic change in the Arctic environment. At what location does the isolated ice fragment appear as the most uniform and thin texture?']",,
1_963_scat.jpg,"['The image displays a blue ocean with a large number of small, dispersed floating ice floes scattered throughout the scene. The ice appears to be in a melted state, with some areas showing signs of melting and others displaying ridged surfaces. The presence of numerous small floes suggests that the ice is in the process of breaking up and dispersing.']","['The image displays a blue-green ocean with a mosaic of thin, partially melted floating ice floes dispersed throughout the scene. The floes vary in size and are separated by dark leads, indicating active breakup under warmer conditions. The water appears to be a mix of blue and green, with the blue hue likely due to the presence of algae or other organic matter. The overall scene suggests a dynamic and changing environment, with the ice floes continuously adapting to the changing conditions of the ocean. Which portion displays the small buoyant ice section appear as the finest texture?']",,
1_2654_scat.jpg,"['The image displays a large body of water with numerous small floating ice pieces scattered throughout the area. The ice appears to be in a melted state, with some areas showing signs of recent breakup. The presence of these small ice pieces suggests that the ice is in a transitional stage, possibly experiencing warmer temperatures or other environmental factors that are causing it to break up and disperse.']","['The image displays a vast expanse of blue ocean with numerous small floating ice pieces scattered throughout the scene. The ice pieces vary in size and are dispersed throughout the area, creating a mosaic of thin floes in a partial melt stage. The presence of these small floes suggests that the ice is in the process of breaking up under warmer conditions, and the dark leads between them indicate active melting and fragmentation. The overall scene conveys a dynamic and ever-changing environment, with the ice continuously adapting to the changing conditions of the polar ocean. Which area reveals the presence of scattered ice blocks be most noticeable?']",,
1_560_scat.jpg,"['The image displays a large body of water with a mosaic of thin floating ice floes, some partially melted, and others with ridged surfaces. The ice is dispersed and separated by dark leads, indicating an active breakup process under warmer conditions.']","['The image displays a vast expanse of the Arctic Ocean with a mosaic of thin floating ice floes dispersed across the water. The floes vary in size and are separated by dark leads, indicating active breakup under warmer conditions. The overall scene suggests that the ice is in a transitional stage, with some areas potentially experiencing melting. The presence of multiple floes and leads highlights the dynamic nature of the Arctic ice and the ongoing effects of climate change on the region. In which section can we detect the loosely connected cluster most clearly visible?']",,
1_1063_scat.jpg,"['The image displays a vast expanse of floating ice, with numerous small fragments and a few larger clusters dispersed throughout the area. The ice appears to be in a partially melted state, with dark leads separating the floes. The overall scene suggests a dynamic and changing environment, with the ice possibly experiencing warmer temperatures and melting processes.']","['The image displays a vast expanse of the Arctic Ocean with a predominantly green color, indicating a mix of open water and ice. The floating ice is predominantly small and dispersed, with some larger clusters of ice. The ice appears to be in a partially melted state, as evidenced by the presence of dark leads and thin newly formed ice. The overall scene suggests that the ice is undergoing a process of breakup and fragmentation, which is common in the Arctic during warmer months. The observed features indicate that the ice is in a transitional stage, possibly moving towards a more fragmented and disconnected state. In what region is the free-drifting ice mass appear as the earliest stage of formation?']",,
1_962_scat.jpg,"['The image displays a blue-green ocean with a mosaic of thin floating ice floes dispersed throughout the scene. The ice appears to be in a partially melted state, with some floes separated by dark leads, and others accumulating between fragmented sheets. The overall scene suggests a dynamic and changing ice environment.']","['The image displays a blue-green polar ocean scene with a large area of floating sea ice. The ice is predominantly small and fragmented, with numerous dark leads separating the floes. Some of the floes are partially melted, indicating that the ice is in a stage of melting. The overall appearance of the ice suggests that it is relatively thin and not very stable, which could be due to the warmer conditions in the area. The presence of these fragmented ice floes and the dark leads between them indicate that the ice is actively breaking up and moving around in the ocean. Where is the partially submerged floe most clearly visible?']",,
1_364_scat.jpg,"['The image shows a large area of green and blue ocean with numerous small floating ice pieces dispersed throughout the water. The ice pieces vary in size and are scattered across the scene, indicating a dynamic and changing environment.']","[""The image displays a vast expanse of green and blue ocean with numerous small, dispersed floating ice floes scattered throughout the scene. The ice floes vary in size and are distributed across the water surface, creating a mosaic of thin ice sheets. The presence of these small floes suggests that the ice is in a stage of breakup or melting, as the larger, more cohesive ice sheets have not yet formed. The overall scene indicates a dynamic and changing environment, with the ice's condition and distribution potentially influenced by factors such as temperature, wind, and ocean currents. Where does the drifting ice debris appear as the most evident?""]",,
1_664_scat.jpg,"['The image shows a large expanse of blue ocean with a few small floes of ice dispersed throughout the area. The floes vary in size and are separated by dark leads, indicating that the ice is in the process of breaking up. The overall appearance suggests that the ice is in a melted or partially melted state.']","['The image displays a large expanse of floating ice in a blue ocean. The ice is characterized by a mix of small and large floes, with some floes appearing more compact and others dispersed. The ice appears to be partially melted, as indicated by the presence of dark leads between the floes. The overall scene suggests that the ice is in a transitional stage, possibly experiencing warmer temperatures or melting. The presence of multiple floes and the dark leads between them indicate that the ice is not yet fully melted, but it is undergoing some degree of breakup or melting. In which section can we detect the independent floating plate appear as the most delicate pattern?']",,
1_2756_scat.jpg,"['The image displays a vast expanse of blue water with a few small floating ice pieces scattered throughout the area. The ice pieces vary in size and are dispersed across the water, creating a unique and visually appealing scene.']","[""The image displays a vast expanse of the ocean with a multitude of small, fragmented floes dispersed throughout the area. The floes vary in size and are separated by dark leads, indicating an active breakup process under warmer conditions. The presence of brash ice accumulating between fragmented sheets suggests that the ice is in a meltwater-rich stage. The overall scene presents a dynamic and rapidly changing environment, with the ice field's structure and distribution evolving over time. In what region is the fragmented floe zone appear as the finest texture?""]",,
1_2757_scat.jpg,"['The image displays a large area of floating ice with various sizes and shapes, including small fragments and compact clusters. The ice appears to be in a meltwater-rich environment, as evidenced by the presence of dark leads and thin newly formed ice. The overall scene suggests that the ice is in a transitional stage, possibly experiencing melting and breaking up.']","['The image displays a vast expanse of blue water with numerous small, fragmented ice floes dispersed throughout the scene. The floes vary in size and are separated by dark leads, indicating active breakup under warmer conditions. The water appears to be relatively calm, with no signs of strong currents or waves. The overall scene suggests a dynamic and changing environment, with the ice floes continuously moving and interacting with one another. Where is the presence of open-water mixed area be most noticeable?']",,
1_2970_scat.jpg,"['The image displays a vast expanse of the ocean with numerous small, dispersed floating ice floes scattered throughout the area. The ice appears to be in a melted state, with some areas showing signs of recent melting. The presence of these small ice floes indicates that the ice is not in a solid, continuous sheet but rather in a more fragmented state.']","['The image displays a vast expanse of blue ocean with a few small, dispersed floating ice floes scattered throughout the scene. The ice floes vary in size and are dispersed across the water, with some closer to the foreground and others further in the background. The presence of these small ice floes indicates that the ice is in the process of breaking up, possibly due to warmer conditions or increased melting. The overall scene suggests that the polar oceanography is experiencing a dynamic and changing environment. Where does the dispersed ice fragments appear as the most evident?']",,
1_3071_scat.jpg,"['The image displays a large body of water with a significant amount of floating ice, including small fragments and dispersed floes. The ice appears to be in a partially melted stage, with some areas showing signs of brash ice accumulation. The presence of dark leads and thin newly formed ice suggests that the ice is actively breaking up under warmer conditions.']","['The image displays a large body of water with a mosaic of thin floating ice floes scattered throughout the area. The floes vary in size and are dispersed throughout the scene, with some floes appearing more compact and others more fragmented. The water appears to be a deep blue, and the ice floes are interspersed with dark leads, indicating that the ice is actively breaking up and moving under the influence of warmer conditions. The presence of these leads suggests that the ice is in a stage of melting and rearrangement, which is a common occurrence in polar regions during the warmer months. At what location does the dispersed ice fragments appear as the clearest example?']",,
1_457_scat.jpg,"['The image displays a large area of floating ice, with numerous small fragments dispersed throughout the scene. The ice appears to be in a melted state, with dark leads and thin newly formed ice visible between the fragmented sheets. The tonal variations and color gradients indicate a mosaic of thin floes in a partial melt stage.']","['The image displays a vast expanse of blue water with a scattering of small, fragmented floating ice floes. The ice floes vary in size and are dispersed throughout the scene, with some floes appearing more prominent than others. The water surrounding the ice floes exhibits a darker shade, indicating the presence of meltwater or a more turbulent environment. The overall scene suggests that the ice is in a transitional stage, possibly experiencing melting or breakup under warmer conditions. Where does the loosely connected cluster most clearly visible?']",,
1_3164_scat.jpg,"['The image depicts a large body of water with a mosaic of thin floes in a partial melt stage, dispersed floating floes separated by dark leads, and brash ice accumulating between fragmented sheets. The presence of multiple floes of varying sizes and shapes suggests that the ice is undergoing dynamic processes, such as melting and breaking up.']","['The image displays a vast expanse of the Arctic Ocean with a dense mosaic of floating ice. The ice is predominantly small and fragmented, with numerous dark leads and thin newly formed ice dispersed throughout the scene. The ice appears to be in a partially melted stage, as evidenced by the presence of brash ice accumulating between fragmented sheets. The tonal variations and color gradients indicate a range of thickness differences and meltwater presence, suggesting that the ice is undergoing a dynamic and active melting process. The observed features imply that the ice is highly mobile and subject to ongoing changes in response to environmental conditions. In what region is the presence of free-drifting ice mass be most noticeable?']",,
1_861_scat.jpg,"['The image displays a large area of blue ocean with a few small, dispersed floating ice floes scattered throughout the scene. The ice appears to be in a partially melted stage, with some ridged surfaces visible. The overall scene suggests a dynamic and changing environment in the polar ocean.']","['The image displays a vast area of blue-green water with numerous small, dispersed floating floes scattered throughout the scene. The floes vary in size and are separated by dark leads, indicating an active breakup process under warmer conditions. The presence of brash ice accumulating between fragmented sheets suggests that the ice is in a stage of partial melt. Overall, the scene portrays a dynamic and changing environment, with the ice experiencing ongoing processes of melting and fragmentation. Where can we observe the open-water mixed area most clearly visible?']",,
1_759_scat.jpg,"['The image displays a blue ocean with a mosaic of thin floating ice floes scattered throughout the scene. The ice floes vary in size and are separated by dark leads, indicating a dynamic and possibly melting ice field.']","['The image displays a vast expanse of the ocean with a mosaic of thin floating ice floes dispersed throughout the area. The floes vary in size and are separated by dark leads, indicating active breakup under warmer conditions. The ice appears to be in a partially melted stage, with some floes showing signs of melting or being in the process of melting. The overall scene suggests a dynamic and changing environment in the polar oceanography, with the floating ice continuously adapting to the changing conditions. Which area reveals the isolated slab set adrift most clearly visible?']",,
1_2655_scat.jpg,"['The image displays a vast area of floating sea ice with various sizes and shapes. The ice appears to be in a melted state, with some floes separated by dark leads, and others accumulating between fragmented sheets. The overall scene suggests a dynamic and changing environment, possibly influenced by warmer conditions.']","['The image displays a large expanse of the Arctic Ocean with a mosaic of thin floating ice floes scattered throughout the area. The floes vary in size and are dispersed throughout the scene, with some floes being larger and more compact, while others are smaller and more fragmented. The ice appears to be in a partially melted stage, as evidenced by the presence of dark leads and thin newly formed ice. The overall scene suggests that the ice is undergoing active breakup and melting under warmer conditions. At what location does the presence of partially submerged floe be most noticeable?']",,
1_2768_scat.jpg,"['The image shows a mosaic of thin floating ice floes in a partially melted state, with dark leads and brash ice accumulation between them. The ice appears to be in a stage of breakup, possibly under warmer conditions.']","['The image displays a large area of floating ice with a mix of small and large floes. The ice is dispersed throughout the scene, with some floes appearing more compact and others more fragmented. The ice appears to be partially melted, as evidenced by the presence of dark leads and thin newly formed ice. The overall scene suggests that the ice is in a transitional stage, with some areas potentially experiencing melting or breakup under warmer conditions. Where does the partially submerged floe appear as the finest texture?']",,
1_463_scat.jpg,"['The image shows a large area of floating ice with various sizes and shapes. The ice is dispersed and separated by dark leads, indicating active breakup under warmer conditions. The presence of brash ice accumulating between fragmented sheets suggests ongoing melting and fragmentation of the ice.']","['The image depicts a vast, mostly green, and blue ocean with numerous small, scattered floating ice pieces. The ice appears to be in a partially melted stage, as evidenced by the presence of dark leads between the floes. The ice is dispersed throughout the scene, with some floes appearing closer to the surface while others are more submerged. The overall distribution of the ice suggests a dynamic and active environment, possibly influenced by changing oceanic conditions or seasonal variations. In what region is the small buoyant ice section most clearly visible?']",,
1_561_scat.jpg,"['The image displays a large body of water with a mosaic of thin floes in a partial melt stage, surrounded by dark leads. The floes are dispersed and separated by these leads, indicating an active breakup process under warmer conditions.']","['The image features a blue-green ocean with a large area of floating ice. The ice is dispersed and consists of various sizes and shapes, with some floes appearing more compact and others more fragmented. The ice is spread across the scene, with some floes closer to the foreground and others further away. The overall appearance of the ice suggests that it is in a melted state, with some areas appearing more melted than others. The presence of the ocean and the floating ice indicates that the image was likely taken during the summer months when sea ice is more prone to melting. Where can we observe the presence of dispersed ice fragments be most noticeable?']",,
1_1265_scat.jpg,"['The image shows a blue-green polar ocean with a mosaic of thin floes in a partial melt stage. The floes are dispersed and separated by dark leads, indicating active breakup under warmer conditions.']","[""The image displays a large area of blue ocean with a few scattered floes of floating ice. The floes vary in size and are dispersed throughout the scene, with some closer to the water's surface and others further away. The ice appears to be in a melted state, as indicated by the dark open leads between the floes. The presence of these open leads suggests that the ice is actively breaking up and moving under warmer conditions. Overall, the scene portrays a dynamic and changing environment, with the floating ice adapting to the changing conditions of the ocean. At what location does the open-water mixed area most clearly visible?""]",,
1_559_scat.jpg,"['The image displays a blue and green ocean with a mosaic of thin floating ice floes dispersed throughout the area. The ice appears to be in a partially melted stage, with dark leads separating the floes and brash ice accumulating between them. The overall scene suggests that the ice is undergoing active breakup under warmer conditions.']","['The image depicts a vast expanse of floating ice in a blue ocean. The ice is characterized by a mix of small and large floes, with some floes appearing fragmented and others more compact. The ice appears to be in various stages of melting, as evidenced by the presence of dark leads between the floes. The spatial distribution of the ice suggests that it is not uniformly distributed, but rather exhibits a mosaic of thin floes in a partial melt stage. The overall scene indicates a dynamic and changing environment, with the ice possibly experiencing active breakup under warmer conditions. Where is the unstable floating formation appear as the most delicate pattern?']",,
1_964_scat.jpg,"['The image depicts a blue-green ocean with a large area of floating sea ice, including numerous small fragments and dispersed floes. The ice appears to be in a meltwater-rich environment, with dark leads and thin newly formed ice visible between the fragmented sheets. The tonal variations and color gradients indicate a mix of thickness differences and meltwater presence, suggesting that the ice is in the process of breaking up and melting.']","['The image displays a vast expanse of blue-green water with numerous small, dispersed floating floes scattered throughout the scene. The floes vary in size and are separated by dark leads, indicating active ice breakup and movement. The water appears to be a mix of meltwater and brash ice accumulation, creating a dynamic and ever-changing environment. The presence of these small floes suggests that the ice may be in a transitional stage, possibly experiencing warmer temperatures or winds that cause the ice to break up and re-form into smaller, more fragmented pieces. Which part of the image shows the partially submerged floe appear as the most evident?']",,
1_662_scat.jpg,"['The image displays a large area of floating ice, with various sizes and shapes of ice floes dispersed throughout the scene. The ice appears to be in a melted state, with some areas showing signs of melting and others remaining intact. The presence of dark leads between the floes indicates that the ice is actively breaking up, possibly due to warmer conditions.']","['The image depicts a large, dark blue area with numerous small, dispersed floating floes. The floes are scattered throughout the scene, with some closer to the foreground and others further in the background. The surface of the ice appears to be smooth, without any visible ridges or snow cover. The presence of these small floes and their distribution suggests that the ice may be in a transitional stage, possibly experiencing melting or breaking up under warmer conditions. The overall scene provides a snapshot of the dynamic nature of sea ice and its response to environmental changes. Which area reveals the presence of isolated ice fragment be most noticeable?']",,
1_965_scat.jpg,"['The image shows a blue-green ocean with a mosaic of thin floating ice floes scattered throughout the water. The ice appears to be in a partially melted stage, with some areas showing signs of recent breakup. The presence of these thin floes suggests that the ice may be more susceptible to melting and could be influenced by warmer ocean temperatures.']","['The image displays a blue-green ocean with a large number of small, fragmented floes scattered throughout the area. The floes vary in size and are dispersed across the water, with some floes appearing more compact than others. The surface of the floes exhibits a mix of smooth and ridged features, indicating that they are in various stages of melting and formation. The tonal variations and color gradients suggest that the floes have varying thicknesses, with some areas appearing thinner and more prone to melting. Overall, the scene depicts a dynamic and ever-changing environment, where the floating ice is constantly adapting to the changing conditions of the ocean. Which area reveals the thin floating sheet most clearly visible?']",,
1_1064_scat.jpg,"['The image depicts a blue-green ocean with a large number of small, fragmented ice floes dispersed throughout the water. The floes are characterized by a mix of smooth and ridged surfaces, indicating a diverse range of ice conditions. The presence of dark leads and thin newly formed ice suggests that the ice is actively breaking up and moving under warmer conditions.']","['The image displays a blue-green polar ocean scene with a mosaic of thin floating ice floes dispersed throughout the area. The floes vary in size and are separated by dark leads, indicating active breakup and movement of the ice. The water appears to be a mix of blue and green hues, which could be due to the presence of meltwater or the presence of algae in the water. The overall scene suggests that the ice is in a partially melted stage, with the floes being more susceptible to further breakup and movement under warmer conditions. In what region is the thin floating sheet appear as the most uniform and thin texture?']",,
1_1171_scat.jpg,"['The image displays a large body of blue water with a few small floes scattered throughout the area. The floes vary in size and are dispersed throughout the scene, indicating a dynamic and possibly changing ice field. The presence of these floes suggests that the area might be experiencing some melting or breakup of the ice.']","['The image depicts a vast expanse of blue water with numerous small, fragmented floes dispersed throughout the area. The floes vary in size and are separated by dark leads, indicating active breakup and movement of the ice. The presence of these fragmented floes suggests that the ice may be experiencing warmer conditions or is in the process of melting. The overall scene showcases the dynamic nature of the floating ice and the challenges it faces in response to changing environmental conditions. In what region is the thin floating sheet most clearly visible?']",,
1_761_scat.jpg,"['The image displays a large body of water with a mosaic of thin floes in a partial melt stage, dispersed throughout the area. The floes are separated by dark leads, and the overall scene suggests a dynamic and changing ice environment.']","['The image depicts a large body of water with a mosaic of thin floating ice floes dispersed throughout the scene. The ice floes vary in size and are separated by dark leads, indicating active breakup and movement of the ice. The presence of a few larger ice floes suggests that some of the smaller ones may be in the process of merging or breaking apart. The overall scene suggests that the ice is in a partially melted stage, with some areas appearing smoother and others displaying more ridged surfaces. The spatial distribution of the ice floes and their varying sizes indicate a dynamic and active ice environment. Where can we observe the isolated ice fragment appear as the initial freezing pattern?']",,
1_2667_scat.jpg,"['The image displays a blue-green ocean with a large expanse of floating ice, including both compact clusters and dispersed floating floes separated by dark leads. The ice appears to be in a meltwater-rich stage, with some areas exhibiting a mosaic of thin floes in partial melt stage. The overall scene suggests a dynamic and active ice environment.']","['The image displays a large body of water with a variety of floating ice features. There are numerous small, dispersed floes scattered throughout the scene, as well as a few larger, more compact clusters. The ice appears to be in a partially melted state, with some areas exhibiting smoother surfaces and others featuring ridged edges. The water between the floes is characterized by dark open leads, indicating active breakup under warmer conditions. The presence of these features suggests that the ice is in a transitional stage, with some areas beginning to melt while others remain more stable. Which zone represents the broken ice raft appear as the smoothest appearance?']",,
1_558_scat.jpg,"['The image depicts a blue ocean with a mosaic of thin floating ice floes dispersed throughout the scene. The ice appears to be in a partially melted state, with some floes separated by dark leads and others accumulating between fragmented sheets. The overall scene suggests that the ice is experiencing active breakup under warmer conditions.']","['The image depicts a large body of water with a mosaic of thin floating ice floes scattered throughout the scene. The floes vary in size and are dispersed across the water, with some floes appearing partially melted. The presence of numerous dark leads between the floes suggests that the ice is actively breaking up under warmer conditions. The overall scene indicates a dynamic and changing environment, with the ice field undergoing processes of melting and fragmentation. At what location does the presence of thin floating sheet be most noticeable?']",,
1_3163_scat.jpg,"['The image displays a blue-green ocean with a mosaic of thin floating ice floes dispersed throughout the scene. The floes vary in size and are separated by dark leads, indicating active breakup under warmer conditions.']","['The image displays a vast expanse of floating ice in a blue-green hue, with a mix of small and large floes scattered throughout the scene. The ice appears to be in a partially melted stage, as evidenced by the presence of dark leads between the floes. The distribution of floes ranges from compact clusters to more dispersed and fragmented ice fields. The overall scene suggests that the ice is undergoing a process of breakup and melting, with the presence of thin newly formed ice and brash accumulation indicating ongoing dynamic behavior. In which section can we detect the presence of loosely connected cluster be most noticeable?']",,
1_760_scat.jpg,"['The image depicts a large body of water with a significant amount of floating ice, including both compact clusters and dispersed floating floes. The ice appears to be in a meltwater-rich stage, with dark leads and thin newly formed ice visible among the floes. The overall scene suggests that the ice is undergoing a process of breakup and fragmentation, possibly due to warmer conditions.']","['The image depicts a blue-green ocean with a mosaic of thin floating ice floes dispersed throughout the scene. The ice floes vary in size and are separated by dark leads, indicating active breakup under warmer conditions. The water appears to be relatively calm, with no visible signs of strong currents or winds. The presence of a variety of ice floe sizes and their distribution across the ocean suggests that the ice is in a transitional stage, possibly experiencing melting or breaking up. The overall scene conveys a sense of dynamic and changing ocean conditions. Which part of the image shows the isolated slab set adrift most clearly visible?']",,
1_3061_scat.jpg,"['The image shows a vast expanse of greenish-blue water with numerous small, dispersed floating ice floes. The ice appears to be in a partially melted stage, with some ridged and snow-covered surfaces visible. The presence of these floes suggests that the ice is undergoing active breakup and melting under warmer conditions.']","[""The image depicts a vast expanse of the Arctic Ocean with numerous small, fragmented floes scattered throughout the scene. The floes vary in size and are dispersed across the water, creating a mosaic of thin ice. Some of the floes are partially melted, indicating a warmer climate. The water between the floes is characterized by dark leads, which are indicative of active ice breakup. The presence of these leads suggests that the ice is mobile and potentially in the process of melting. Overall, the image showcases the dynamic nature of the Arctic Ocean's floating ice and the challenges it faces due to climate change. Which zone represents the isolated ice fragment most clearly visible?""]",,
1_3162_scat.jpg,"['The image displays a large body of water with numerous small floating ice pieces scattered throughout the scene. The ice appears to be in a melted state, with some areas showing signs of melting and others displaying a mix of smooth and ridged surfaces. The presence of these small ice pieces suggests that the ice is in a transitional stage, possibly breaking up under warmer conditions.']","['The image displays a large area of floating ice in a polar ocean setting. The ice is predominantly blue, indicating a thin and possibly melted layer. The ice is dispersed, with numerous small floes scattered throughout the scene. The floes vary in size and shape, and some are partially melted, giving the ice a more fragmented appearance. The presence of dark leads between the floes suggests that the ice is actively breaking up under warmer conditions. Overall, the image depicts a dynamic and changing ice field in a polar environment. Where is the presence of independent floating plate be most noticeable?']",,
1_1167_scat.jpg,"['The image shows a blue-green ocean with a mosaic of thin floating ice floes scattered across the surface. The floes vary in size and are dispersed throughout the scene, indicating a dynamic and active ice environment.']","['The image depicts a large body of blue water with a mosaic of thin floating ice floes dispersed throughout the scene. The floes vary in size and are separated by dark leads, indicating active breakup and movement of the ice. The water appears to be relatively calm, with no visible signs of strong currents or winds. The overall scene suggests that the ice is in a partially melted stage, with some areas showing signs of melting and others remaining relatively stable. The presence of these thin floes and the dark leads indicate that the ice is not yet fully consolidated and is still undergoing dynamic processes. Which area reveals the presence of broken ice raft be most noticeable?']",,
1_663_scat.jpg,"['The image displays a large area of blue water with numerous small, dispersed floating ice floes. The ice appears to be in a melted state, with some floes partially submerged in the water. The presence of these small floes suggests that the ice is in the process of breaking up and dispersing.']","['The image displays a large body of water with a mosaic of thin floating ice floes dispersed throughout the scene. The floes vary in size and are separated by dark leads, indicating active breakup under warmer conditions. The ice appears to be in a partially melted stage, as some floes have a smoother, ridged surface, while others show signs of melting or thinning. The presence of these fragmented ice fields suggests that the ice is dynamic and subject to change, possibly influenced by environmental factors such as temperature and wind. At what location does the independent floating plate most clearly visible?']",,
1_363_scat.jpg,"['The image displays a large area of floating ice with various sizes and shapes, some of which are partially melted. The ice is dispersed and separated by dark leads, indicating an active breakup process under warmer conditions.']","['The image depicts a large, blue, and green floating ice field with numerous small, dispersed floes scattered throughout the area. The floes vary in size and are separated by dark leads, indicating that the ice is in a state of active breakup. The presence of brash ice accumulating between the fragmented sheets suggests that the ice is experiencing a meltwater influx. The tonal variations and color gradients within the field indicate that the ice has varying thicknesses and stages of melting. Overall, the observed features suggest that the ice is undergoing dynamic processes, such as melting and breaking up, in response to environmental conditions. Where does the presence of open-water mixed area be most noticeable?']",,
1_2653_scat.jpg,"['The image shows a blue ocean with a large area of floating ice, including small fragments and dispersed floes. The ice appears to be in a partially melted stage, with some areas showing signs of active breakup. The presence of a large number of floes indicates that the ice is mobile and may be influenced by warmer conditions.']","['The image displays a vast expanse of blue water with numerous small, dispersed floating ice floes scattered throughout the scene. The floes vary in size and are distributed across the entire image, indicating a dynamic and active ice environment. The presence of these small floes suggests that the ice is in a stage of breakup or melting, as the larger, more cohesive ice sheets have likely already melted or been displaced. The water appears to be relatively calm, allowing the ice to float freely without being pushed or displaced by strong currents or winds. Overall, the image captures a snapshot of the dynamic and ever-changing nature of the polar oceanography and marine remote sensing field. In what region is the partially submerged floe most clearly visible?']",,
1_1166_scat.jpg,"['The image depicts a blue ocean with a large amount of floating ice, including small fragments and dispersed floes. The ice appears to be in various stages of melting, with some areas showing signs of thinning and others remaining relatively intact. The presence of these floating ice fields suggests that the ocean is experiencing a warmer climate, which could have implications for the local ecosystem and marine life.']","['The image depicts a blue-toned polar scene with a mosaic of thin floating ice floes dispersed throughout the area. The floes vary in size and are separated by dark leads, indicating active breakup under warmer conditions. The ice appears to be in a partially melted stage, as some floes are smooth and ridged, while others are snow-covered or partially melted. The presence of these fragmented ice fields suggests that the polar oceanography is experiencing ongoing changes in ice conditions and mobility. Which zone represents the lightly drifting slab most clearly visible?']",,
1_2454_scat.jpg,"['The image shows a blue ocean with a mosaic of thin floating ice floes dispersed throughout the scene. The ice appears to be in a partially melted stage, with dark leads and thin newly formed ice visible between the fragmented sheets.']","['The image features a blue-green ocean with a mosaic of thin floating ice floes scattered throughout the scene. The ice floes vary in size and are dispersed across the water, with some floes being closer together and others more spread out. The water appears to be partially melted, as evidenced by the dark leads between the floes. The overall scene suggests that the ice is in a transitional stage, possibly experiencing warmer conditions that are causing it to break up and disperse. The presence of the dark leads indicates that the ice is not yet fully melted, but it is in the process of breaking up and changing its form. At what location does the presence of broken ice raft be most noticeable?']",,
1_1065_scat.jpg,"['The image displays a blue ocean with a large number of small, dispersed floating ice floes. The floes are scattered throughout the scene, with some closer to the surface and others deeper in the water. The ice appears to be in a melted state, with a mix of smooth and ridged surfaces. The presence of these small ice floes suggests that the ice is in a fragmented state, possibly due to warmer conditions or other environmental factors.']","['The image displays a vast expanse of the Arctic Ocean with a predominantly blue hue. The floating ice is predominantly small and dispersed, with some larger clusters interspersed throughout the scene. The ice appears to be in a partially melted state, as evidenced by the presence of dark leads and thin newly formed ice. The overall tonal variation and color gradients suggest a mosaic of thin floes in a stage of transition between solid and liquid states. The observed features indicate that the ice is undergoing active breakup under warmer conditions, with the wide leads and irregular edges reflecting the dynamic nature of the Arctic environment. Where is the cluster of separated floes appear as the earliest stage of formation?']",,
1_2556_scat.jpg,"['The image depicts a large expanse of blue ocean with numerous small, dispersed floating ice floes scattered throughout the water. The floes vary in size and are separated by dark leads, indicating an active breakup process under warmer conditions.']","['The image displays a vast expanse of blue ocean with numerous small, fragmented floating ice floes dispersed throughout the scene. The ice floes vary in size and are separated by dark leads, indicating an active breakup process under warmer conditions. The overall scene suggests a dynamic and rapidly changing ice environment, with the ice possibly in the process of melting or breaking apart. The presence of these fragmented ice floes highlights the importance of monitoring and understanding the behavior of sea ice in the polar regions. Where is the presence of thin floating sheet be most noticeable?']",,
1_658_scat.jpg,"['The image displays a blue ocean with a mosaic of thin floating ice floes separated by dark leads. The ice appears to be in a partially melted stage, with some floes showing signs of melting and others remaining relatively intact. The overall scene suggests a dynamic and changing environment for the floating ice.']","['The image displays a blue-green polar ocean scene with a mosaic of thin, partially melted floating ice floes scattered across the water. The ice floes vary in size and are dispersed throughout the scene, with some floes being larger and more compact. The water between the floes appears to be dark, indicating the presence of meltwater or the absence of sunlight. The overall scene suggests that the ice is undergoing melting, and the floes are breaking apart and drifting in the ocean. The presence of meltwater and the fragmented nature of the ice floes indicate that the ice is in a transitional stage, possibly experiencing warmer temperatures or other environmental factors that are causing the ice to break up and change its form. In what region is the detached floe piece most clearly visible?']",,
1_2657_scat.jpg,"['The image displays a blue-green tinted, fragmented floating ice field with various sizes and shapes of floes. The ice appears to be in a partially melted state, with dark leads between the floes and a mosaic of thin floes. The presence of meltwater and the fragmented nature of the ice suggest that the ice is experiencing active breakup under warmer conditions.']","['The image displays a blue-green polar ocean with a mosaic of thin floating ice floes scattered across the scene. The floes vary in size and are dispersed throughout the image, with some floes appearing larger and more compact than others. The ice appears to be in a partially melted stage, as indicated by the presence of dark leads between the floes. The overall scene suggests that the ice is in the process of breaking up and melting, with the water beneath the ice appearing darker than the surrounding ice. Which portion displays the presence of partially submerged floe be most noticeable?']",,
1_461_scat.jpg,"['The image displays a large expanse of green and blue ocean with numerous small floating ice pieces scattered throughout the scene. The ice pieces vary in size and are dispersed throughout the area, indicating a dynamic and active ice environment.']","['The image displays a large expanse of floating ice in a dark blue ocean. The ice is predominantly composed of small, fragmented floes dispersed throughout the scene. The ice appears to be in a partially melted state, with some areas appearing smoother and others exhibiting ridged surfaces. The overall distribution of the ice suggests a dynamic and active environment, with the ice continuously breaking up and re-forming under the influence of warmer conditions. Which zone represents the small buoyant ice section appear as the weakest surface consolidation?']",,
1_2852_scat.jpg,"['The image displays a large body of water with a mosaic of thin floating ice floes dispersed throughout the area. The ice floes vary in size and are separated by dark leads, indicating an active breakup process under warmer conditions. The overall scene suggests a dynamic and changing environment in the polar ocean.']","['The image depicts a vast expanse of blue ocean with numerous small, dispersed floating floes scattered throughout the scene. The floes vary in size and are dispersed across the water, with some floes appearing more compact and others more fragmented. The overall scene suggests that the ice is in a melted or partially melted state, with the floes being more susceptible to drifting and breaking apart. The presence of dark leads between the floes indicates that the ice is actively breaking up under warmer conditions, which could be a result of climate change or other environmental factors. In what region is the presence of lightly drifting slab be most noticeable?']",,
1_1162_scat.jpg,"['The image depicts a blue-green ocean with a mosaic of thin floating ice floes dispersed throughout the scene. The ice appears to be in a partially melted stage, with some floes separated by dark leads and others accumulating between fragmented sheets. The overall scene suggests a dynamic and changing ice condition in the polar ocean.']","[""The image displays a large expanse of blue-green water with a dense cluster of small, dispersed floating ice floes. The floes are scattered throughout the scene, with some appearing closer to the water's surface and others slightly submerged. The ice floes exhibit a mix of smooth and ridged surfaces, indicating varying degrees of melt and freezing. The overall scene suggests that the ice is in a transitional stage, possibly experiencing melting or refreezing processes. The presence of numerous small ice floes indicates that the ice is fragmented and not in a solid sheet, which could be a result of ongoing changes in the local climate or oceanographic conditions. At what location does the presence of region of loose floes be most noticeable?""]",,
1_2669_scat.jpg,"['The image displays a large body of water with a mosaic of thin floes in a partial melt stage. The floes are dispersed and separated by dark leads, indicating active breakup under warmer conditions. The water appears to be a mix of blue and green, suggesting a combination of fresh and saltwater.']","['The image displays a large body of water with a mosaic of thin floating ice floes dispersed throughout the scene. The ice floes vary in size and are separated by dark leads, indicating an active breakup process under warmer conditions. The water appears to be a deep blue, suggesting a pristine and untouched environment. The overall scene conveys a sense of dynamic and evolving ice conditions in the polar ocean. Where is the presence of lightly drifting slab be most noticeable?']",,
1_265_scat.jpg,"['The image displays a blue ocean with a large area of floating ice, including a mix of small and large floes. The ice appears to be in a melted state, with some areas showing signs of melting. The presence of dark leads and thin newly formed ice suggests that the ice is actively breaking up and dispersing.']","[""The image depicts a vast expanse of blue ocean with a scattering of small, dispersed floating ice floes. The ice floes vary in size and are spread throughout the scene, with some closer to the water's surface and others slightly submerged. The water appears to be relatively calm, with no visible signs of strong currents or waves. The presence of these small ice floes suggests that the ice is in a relatively early stage of melting or breaking up, as larger, more cohesive ice formations are less common in this area. The overall scene conveys a sense of dynamic change in the ocean's surface, with the ice floes continuously shifting and adapting to the surrounding conditions. At what location does the detached floe piece most clearly visible?""]",,
1_2668_scat.jpg,"['The image displays a large body of blue water with numerous small floating ice pieces dispersed throughout the scene. The ice pieces vary in size and are spread across the water, creating a dynamic and intricate pattern. The presence of these floating ice pieces suggests that the area may be experiencing melting or breaking up of the ice, possibly due to warmer temperatures or other environmental factors.']","['The image depicts a large body of blue water with numerous small, fragmented floes dispersed throughout the scene. The floes vary in size and are distributed across the water, creating a mosaic of thin ice sheets. The presence of dark leads between the floes indicates active breakup and movement of the ice. The overall scene suggests that the ice is in a partially melted stage, with some areas showing signs of melting and others maintaining a thicker, more stable appearance. The spatial distribution of the floes and the presence of dark leads indicate that the ice is dynamic and subject to ongoing processes of melting and breakup. Which portion displays the lightly drifting slab appear as the smoothest appearance?']",,
1_2755_scat.jpg,"['The image displays a large body of water with numerous small floating ice pieces dispersed throughout the area. The ice appears to be in a melted state, with some areas showing signs of melting and others remaining intact. The ice pieces vary in size and are scattered throughout the water, creating a dynamic and ever-changing landscape.']","['The image displays a vast expanse of blue water with numerous small, fragmented floating ice floes scattered throughout the area. The floes vary in size and are dispersed across the water, creating a mosaic of thin ice sheets. The presence of these fragmented floes suggests that the ice is in a melting stage, as the ice breaks up and forms smaller pieces. The water between the floes appears dark, indicating the presence of leads, which are typically formed when ice breaks up and creates openings in the ice cover. Overall, the scene depicts a dynamic and changing environment, with the ice undergoing processes of melting and fragmentation. At what location does the drifting ice debris most clearly visible?']",,
1_2553_scat.jpg,"['The image shows a large body of water with a mosaic of thin floes in a partial melt stage, dispersed floating floes separated by dark leads, and brash ice accumulating between fragmented sheets. The presence of multiple floe sizes and water patterns indicate a dynamic and changing ice environment.']","['The image displays a large body of water with numerous small, fragmented floating ice floes scattered throughout the scene. The ice floes vary in size and are dispersed throughout the water, creating a mosaic-like pattern. The presence of these small ice floes suggests that the ice may be in a transitional stage, possibly experiencing melting or breaking up under warmer conditions. The overall scene presents a snapshot of the dynamic and ever-changing nature of sea ice in the polar ocean. Which portion displays the independent floating plate most clearly visible?']",,
1_659_scat.jpg,"['The image shows a blue-green polar ocean with a mosaic of thin floes in a partial melt stage, dispersed across the water. The floes are separated by dark leads, indicating active breakup under warmer conditions.']","['The image displays a large expanse of blue ocean with a scattering of floating ice. The ice is predominantly small and fragmented, with some larger clusters dispersed throughout the scene. The ice appears to be in a partially melted state, as evidenced by the presence of dark leads and thin newly formed ice. The tonal variations and color gradients indicate a mosaic of thin floes in the partial melt stage. The overall scene suggests that the ice is in a dynamic state, with ongoing melting and fragmentation. At what location does the open-water mixed area appear as the weakest surface consolidation?']",,
1_557_scat.jpg,"['The image displays a large area of the Arctic Ocean with a mosaic of thin floating ice floes separated by dark leads. The ice appears to be in a partially melted stage, with some floes showing signs of melting and others remaining intact. The overall scene suggests a dynamic and changing ice environment.']","['The image displays a large, dark blue area with numerous small, dispersed floating floes separated by dark leads. The floes vary in size and are spread across the entire area, indicating a dynamic and active ice field. The presence of numerous leads suggests that the ice is actively breaking up and moving under warmer conditions. The overall appearance of the ice field indicates that it is in a stage of partial melt, with some areas appearing smoother and others displaying ridged surfaces. The spatial distribution of the floes and leads suggests that the ice is not yet fully melted, but it is in the process of breaking up and moving. At what location does the presence of independent floating plate be most noticeable?']",,
1_264_scat.jpg,"['The image displays a blue and green ocean with a mosaic of thin floating ice floes separated by dark leads. The ice appears to be in a partially melted stage, with some floes having a smooth and ridged surface, while others are snow-covered. The presence of dark leads and the overall fragmentation of the ice suggest that the ice is actively breaking up and moving under warmer conditions.']","[""The image displays a large expanse of blue water with a few scattered floes of varying sizes. The floes are dispersed throughout the scene, with some closer to the foreground and others further in the background. The water appears to be relatively calm, with no visible signs of turbulence or strong currents. The presence of these floes suggests that the ice may be in the process of breaking up or melting, as the floes are not tightly packed together. The overall scene indicates a dynamic and changing environment, with the ice's condition possibly influenced by external factors such as temperature and wind. Which portion displays the isolated ice fragment most clearly visible?""]",,
1_460_scat.jpg,"['The image depicts a blue-green ocean with a mosaic of thin floating ice floes dispersed throughout the water. The ice appears to be in a partially melted stage, with dark leads and brash ice accumulating between the fragmented sheets. The overall scene suggests that the ice is undergoing active breakup and melting under warmer conditions.']","['The image displays a vast expanse of floating ice in a blue ocean. The ice is predominantly small and fragmented, with numerous dark leads separating the floes. The surface of the ice appears to be smooth, indicating that it has not yet experienced significant melting. The presence of these small, dispersed floes suggests that the ice is in a relatively early stage of breakup, possibly under warmer conditions. The overall scene conveys a dynamic and evolving environment, with the ice continuously adapting to changing environmental factors. Where is the thin floating sheet most clearly visible?']",,
1_1163_scat.jpg,"['The image displays a large area of blue water with numerous small floating ice floes scattered throughout the scene. The ice floes vary in size and are dispersed throughout the water, creating a visually dynamic and dynamic environment.']","['The image displays a vast expanse of blue-green water with a mosaic of thin floating ice floes scattered throughout the scene. The ice floes vary in size and are dispersed throughout the water, with some floes being closer together and others more spread out. The water appears to be relatively calm, and the ice appears to be in a partially melted stage, as indicated by the tonal variations and color gradients. The presence of these fragmented ice fields suggests that the ice is experiencing some level of melting or breakup under warmer conditions. Overall, the image captures a dynamic and ever-changing Arctic environment. In which section can we detect the free-drifting ice mass appear as the finest texture?']",,
1_1061_scat.jpg,"['The image displays a blue ocean with a mosaic of thin floating ice floes dispersed throughout the scene. The ice appears to be in a partially melted stage, with some floes separated by dark leads, while others are connected by thin newly formed ice. The overall scene suggests a dynamic and changing environment for the floating ice in the ocean.']","['The image displays a large body of water with a significant amount of floating ice. The ice is predominantly green and blue, indicating a mix of meltwater and fresh ice. The ice is dispersed throughout the scene, with some floes being larger and more prominent, while others are smaller and more fragmented. The ice appears to be in a meltwater-rich environment, as evidenced by the numerous leads between the floes. The presence of these leads suggests that the ice is actively breaking up and that the water beneath is warmer than the surrounding ice. Overall, the image showcases a dynamic and rapidly changing Arctic environment. Which part of the image shows the presence of broken ice raft be most noticeable?']",,
1_961_scat.jpg,"['The image shows a blue-green polar ocean scene with a mosaic of thin floating ice floes separated by dark leads. The ice appears to be in a partially melted stage, with some floes showing signs of melting and others remaining intact. The overall scene suggests that the ice is undergoing dynamic processes, such as breaking up and re-forming, in response to changing environmental conditions.']","[""The image displays a blue-green ocean with a mosaic of thin, fragmented floating ice floes scattered across the surface. The ice floes vary in size and are separated by dark leads, indicating active breakup under warmer conditions. The presence of these fragmented ice fields suggests that the ice is in a melting stage, with the ice's thickness gradually decreasing as it is exposed to warmer water temperatures. The spatial distribution of the ice floes and the leads provide insights into the ice's mobility and the dynamics of the surrounding ocean environment. In which section can we detect the unstable floating formation appear as the least consolidated structure?""]",,
1_1266_scat.jpg,"['The image displays a large expanse of floating ice, with a mix of small and large floes dispersed throughout the area. The ice appears to be in a melted state, with some floes showing signs of melting and others appearing to be partially melted. The presence of these melted floes suggests that the ice is undergoing a process of melting and breaking up, possibly due to warmer conditions.']","['The image depicts a blue-green ocean with a large expanse of floating sea ice. The ice is characterized by a mix of small and large floes, some of which are dispersed throughout the scene. The floes exhibit a variety of surface characteristics, including ridged and smooth surfaces, as well as snow-covered and partially melted areas. The water between the floes is interspersed with dark leads, thin newly formed ice, and brash accumulation. The tonal variations and color gradients indicate a mosaic of thin floes in a partial melt stage. Overall, the image suggests that the ice is undergoing active breakup under warmer conditions, with the floes dispersed and the leads widening. Which area reveals the presence of independent floating plate be most noticeable?']",,
1_2870_scat.jpg,"['The image displays a blue ocean with a mosaic of thin floating ice floes dispersed throughout the water. The ice floes vary in size and are separated by dark leads, indicating an active breakup process. The overall scene suggests a dynamic and changing ice condition in the polar region.']","['The image displays a vast, blue ocean with numerous small, dispersed floating ice floes scattered throughout the scene. The floes vary in size and are interconnected, forming a complex mosaic of ice. Some of the floes are partially melted, indicating that the ice is in a transitional stage between solid and liquid states. The presence of these small, fragmented ice fields suggests that the ice is dynamic and subject to ongoing processes, such as melting and breakup, which are influenced by the surrounding oceanic conditions. In what region is the broken ice raft most clearly visible?']",,
1_562_scat.jpg,"['The image displays a mosaic of thin floes in a partially melted stage, with dark leads and ridged surfaces indicating active breakup under warmer conditions.']","['The image depicts a vast expanse of greenish-blue water with numerous small, dispersed floating ice floes scattered throughout the scene. The ice floes vary in size and are interconnected by dark leads, indicating active breakup under warmer conditions. The water appears to be relatively calm, with no visible signs of strong currents or turbulence. The presence of these small ice floes suggests that the area might be experiencing a period of rapid ice formation or melting, or it could be a region where ice breakup is more common. Overall, the image provides a snapshot of the dynamic nature of sea ice and its interaction with the surrounding water. Which portion displays the presence of broken ice raft be most noticeable?']",,
1_2451_scat.jpg,"['The image displays a blue-green ocean with a mosaic of thin floating ice floes dispersed throughout the scene. The ice appears to be in a partially melted stage, with some floes separated by dark leads and others accumulating between fragmented sheets. The overall scene suggests a dynamic and active ice environment.']","['The image displays a vast expanse of blue ocean with numerous small, dispersed floating ice floes scattered throughout the scene. The ice floes vary in size and are distributed across the entire image, with some floes appearing larger and more compact, while others are smaller and more fragmented. The presence of these small ice floes suggests that the ice may be in the process of breaking up or melting, as larger, more cohesive ice formations are less common in such conditions. The overall scene showcases the dynamic nature of sea ice and the challenges it faces in the face of changing environmental conditions. Where does the region of loose floes appear as the initial freezing pattern?']",,
1_862_scat.jpg,"['The image displays a blue-green ocean with a mosaic of thin floes in a partial melt stage, dispersed throughout the scene. The floes are separated by dark leads, indicating active breakup under warmer conditions.']","['The image displays a blue-green ocean with a large number of small, dispersed floating ice floes scattered throughout the scene. The floes vary in size and are dispersed across the water, creating a mosaic of thin ice sheets. The presence of numerous floes and their distribution across the water suggest that the ice is in a stage of active breakup under warmer conditions. The tonal variations and color gradients indicate that the ice has a mix of thickness differences and meltwater presence, which could be a result of the ongoing melting process. Overall, the image depicts a dynamic and changing ice field in the polar ocean. Where does the small buoyant ice section most clearly visible?']",,
1_3170_scat.jpg,"['The image displays a vast expanse of blue ocean with a few scattered floes of varying sizes. The floes are dispersed and separated by dark leads, indicating a dynamic and active ice field. The presence of these floes in the open ocean suggests that the ice is in the process of breaking up and melting.']","['The image displays a vast expanse of blue water with numerous small, dispersed floating ice floes scattered throughout the scene. The floes vary in size and are distributed across the water, creating a mosaic of thin ice. The presence of these small floes indicates that the ice is in a fragmented state, possibly due to ongoing melting or breakup. The water appears to be relatively calm, with no signs of strong currents or turbulence. The overall scene suggests a dynamic and changing environment, with the ice continuously adapting to its surroundings. Where is the presence of small buoyant ice section be most noticeable?']",,
1_2754_scat.jpg,"['The image displays a vast expanse of blue ocean with numerous small floating ice floes dispersed throughout the area. The ice floes vary in size and are separated by dark leads, indicating an active melting process. The overall scene suggests a dynamic and changing environment in the polar region.']","['The image displays a vast expanse of blue water with numerous small, dispersed floating ice floes scattered throughout the scene. The floes vary in size and are distributed across the water surface, creating a mosaic of thin ice. The presence of dark leads between the floes indicates that the ice is actively breaking up and moving under warmer conditions. The overall scene suggests that the ice is in a transitional stage, with some areas showing signs of melting and others maintaining a more stable state. In which section can we detect the partially submerged floe appear as the least consolidated structure?']",,
1_764_scat.jpg,"['The image displays a blue and green ocean with a large amount of floating ice, including small fragments and dispersed floes. The ice appears to be in a meltwater-rich environment, with dark leads and thin newly formed ice visible between the fragmented sheets. The tonal variations and color gradients suggest that the ice is in a partially melted stage, indicating that the ice is actively breaking up under warmer conditions.']","['The image depicts a large expanse of floating ice in a blue ocean. The ice is predominantly composed of small, dispersed floes separated by dark leads. Some of the floes are ridged, while others have a smooth surface. The overall scene suggests that the ice is in a stage of active breakup, with the leads widening and the floes becoming more fragmented. The presence of meltwater in the leads and the darker tones in the ice indicate that the ice is experiencing warmer conditions, which could be contributing to its breakup and fragmentation. Which part of the image shows the scattered ice blocks most clearly visible?']",,
1_2853_scat.jpg,"['The image depicts a vast expanse of blue water with numerous small floating ice floes scattered throughout the scene. The ice floes vary in size and shape, with some appearing more compact and others more dispersed. The water appears to be relatively calm, with no visible signs of turbulence or strong currents. The overall scene suggests a dynamic and ever-changing environment, with the floating ice continuously shifting and adapting to the surrounding conditions.']","['The image displays a vast expanse of blue ocean with a few small, dispersed floating floes scattered throughout the scene. The floes vary in size and are interconnected by dark leads, indicating that the ice is in a state of active breakup. The presence of these small floes and the dark leads suggest that the ice is in a meltwater-rich environment, possibly experiencing warmer temperatures or increased solar radiation. The overall scene showcases the dynamic nature of floating sea ice and its response to changing environmental conditions. Where can we observe the presence of free-drifting ice mass be most noticeable?']",,
1_1267_scat.jpg,"['The image displays a vast expanse of blue water with numerous small, dispersed floating ice floes scattered throughout the area. The ice appears to be in a partially melted stage, with some ridged surfaces and dark leads visible between the floes. The presence of these small floes suggests that the ice is actively breaking up under warmer conditions.']","['The image displays a vast expanse of the ocean with a blue hue. There are numerous small, dispersed floating floes scattered throughout the scene, indicating a dynamic and active ice field. The floes vary in size and are separated by dark leads, suggesting that the ice is in the process of breaking up under warmer conditions. The presence of these small floes and the overall blue hue of the ocean suggest that the image was captured during the summer months when sea ice is more prone to melting. The spatial distribution of the floes and the overall appearance of the ice field provide valuable insights into the current state of the polar oceanography and the dynamics of the floating sea ice. In which section can we detect the isolated ice fragment most clearly visible?']",,
1_863_scat.jpg,"['The image displays a blue-green ocean with a mosaic of thin floating ice floes dispersed throughout the area. The ice appears to be in a partially melted stage, with some floes separated by dark leads and others accumulating between fragmented sheets. The overall scene suggests that the ice is undergoing active breakup and melting in the warmer conditions.']","['The image depicts a large body of water with a mosaic of thin floating ice floes dispersed throughout the scene. The ice floes vary in size and are separated by dark leads, indicating an active breakup process. The water appears to be a mix of blue and green, possibly due to the presence of algae or other organic matter. The overall scene suggests that the ice is in a partially melted stage, with the ice floes being more fragmented and less compact compared to solid sea ice. The presence of these thin, dispersed floes in the water indicates that the ice is more susceptible to melting and breaking up under warmer conditions. Where does the presence of drifting ice debris be most noticeable?']",,
1_2656_scat.jpg,"['The image displays a blue-green polar ocean with a mosaic of thin floating ice floes dispersed throughout the scene. The ice floes vary in size and are separated by dark leads, indicating a dynamic and active ice environment.']","['The image depicts a large body of water with a dense cluster of floating ice. The ice is predominantly small and fragmented, with some larger floes dispersed throughout the scene. The ice appears to be partially melted, as evidenced by the presence of dark leads between the floes. The overall appearance suggests that the ice is in a transitional stage, possibly experiencing warmer conditions or melting. The distribution of ice floes and their varying sizes indicate that the ice is dynamic and constantly changing in shape and composition. Where is the presence of drifting ice debris be most noticeable?']",,
1_563_scat.jpg,"['The image shows a large body of water with a mosaic of thin floating ice floes separated by dark leads. The ice appears to be in a partially melted stage, with some areas showing signs of active breakup under warmer conditions.']","['The image displays a vast expanse of blue water with numerous small, dispersed floating ice floes scattered throughout the scene. The floes vary in size and are distributed across the water surface, creating a mosaic of thin ice sheets. The water appears to be relatively calm, with no visible signs of strong currents or winds. The presence of these small, dispersed floes suggests that the ice is in a stage of fragmentation, possibly due to the influence of warmer temperatures or other environmental factors. The overall scene conveys a sense of dynamic ice behavior in the polar ocean. Which part of the image shows the independent floating plate appear as the most evident?']",,
1_2962_scat.jpg,"['The image depicts a large expanse of blue ocean with numerous small floating ice pieces dispersed throughout the area. The ice pieces vary in size and are scattered across the ocean, creating a dynamic and ever-changing landscape. The presence of these ice pieces suggests that the area experiences seasonal changes and potentially harsh weather conditions.']","['The image displays a large area of floating ice with a mix of small and large floes. The ice appears to be in a partially melted stage, as evidenced by the presence of dark leads and thin newly formed ice. The floes are dispersed throughout the scene, with some clusters and others more dispersed. The overall appearance of the ice suggests that it is in the process of breaking up and melting, with the water patterns between the floes indicating ongoing dynamic behavior. At what location does the isolated slab set adrift most clearly visible?']",,
1_2770_scat.jpg,"['The image displays a blue ocean with a large number of small, dispersed floating ice floes. The ice appears to be in a partially melted state, with some ridged surfaces and dark leads between the floes. The overall scene suggests a dynamic and active ice field in the polar region.']","['The image depicts a vast expanse of blue ocean with numerous small, dispersed floating floes scattered throughout the scene. The floes vary in size and are separated by dark leads, indicating active ice breakup under warmer conditions. The overall appearance suggests a dynamic and changing environment, with the ice possibly experiencing melting or being influenced by ocean currents. The presence of these small floes indicates a complex and dynamic ice field, which is essential for understanding the polar oceanography and marine remote sensing. At what location does the small buoyant ice section appear as the weakest surface consolidation?']",,
1_2963_scat.jpg,"['The image displays a large area of floating ice with various sizes and shapes, including small fragments and dispersed floes. The ice appears to be in a partially melted state, with some areas showing signs of active breakup. The overall scene suggests a dynamic and changing environment for the ice.']","['The image displays a vast expanse of blue ocean with numerous small, dispersed floating ice floes scattered throughout the scene. The floes vary in size and are distributed across the entire image, with some appearing closer to the surface and others slightly submerged. The presence of these small ice floes suggests that the area is experiencing a period of active melting or breakup, as the ice is not forming a continuous layer. The spatial distribution of the floes and their varying sizes indicate that the ice is in a dynamic state, with the possibility of further fragmentation or melting occurring in the near future. Where can we observe the dispersed ice fragments most clearly visible?']",,
1_263_scat.jpg,"['The image shows a large body of water with a mosaic of thin floating ice floes scattered throughout the scene. The ice appears to be in a partially melted state, with some floes being more densely packed than others. The presence of numerous small ice floes suggests that the ice is in a transitional stage, possibly experiencing warmer temperatures or changing environmental conditions.']","['The image depicts a vast expanse of blue ocean with numerous small, dispersed floating ice floes scattered throughout the area. The floes vary in size and are dispersed across the water, with some closer to the surface and others partially submerged. The presence of these small floes suggests that the ice is in a transitional stage, possibly experiencing melting or breaking up under warmer conditions. The overall scene presents a dynamic and ever-changing environment, with the ice continuously adapting to the changing conditions of the ocean. Which area reveals the isolated slab set adrift appear as the weakest surface consolidation?']",,
1_2555_scat.jpg,"['The image displays a blue-green ocean with a mosaic of thin floating ice floes separated by dark leads. The ice appears to be in a partially melted stage, with some areas showing signs of active breakup. The presence of multiple small ice floes and the dark leads suggest that the ice is in the process of melting and breaking up.']","['The image displays a vast expanse of the Arctic Ocean with a mosaic of thin, partially melted floating ice. The ice is dispersed and separated by dark leads, indicating active breakup under warmer conditions. The floes vary in size and are distributed throughout the scene, with some being larger and more compact, while others are smaller and more fragmented. The overall appearance of the ice suggests that it is in a transitional stage, with some areas beginning to melt and others still maintaining a degree of solidity. Which part of the image shows the lightly drifting slab most clearly visible?']",,
1_3160_scat.jpg,"['The image depicts a vast expanse of blue water with numerous small, dispersed floating ice floes scattered throughout the scene. The ice floes vary in size and shape, and their distribution suggests that the ice is in a transitional stage between solid and liquid states. The presence of these floating ice floes indicates that the region is experiencing warmer temperatures or melting processes, which could have implications for the overall health and stability of the polar ice caps.']","['The image displays a vast expanse of the Arctic Ocean with a predominantly blue hue. The floating ice is predominantly small and dispersed, with some larger floes scattered throughout the scene. The ice appears to be in a partially melted stage, as evidenced by the presence of dark leads between the floes. The overall scene suggests a dynamic and changing environment, with the ice potentially experiencing active breakup under warmer conditions. The presence of a large number of floes indicates that the ice is not uniformly distributed but rather exhibits a mosaic of thin floes. Where is the scattered ice blocks most clearly visible?']",,
1_763_scat.jpg,"['The image displays a large body of blue water with a few small, dispersed floating ice floes scattered throughout the area. The ice appears to be in a partially melted state, with some dark leads visible between the floes. The presence of these small ice floes suggests that the ice is in a transitional stage, possibly experiencing warmer temperatures or other environmental factors that are causing it to break up and disperse.']","['The image displays a large body of water with a mosaic of thin floating ice floes dispersed throughout the scene. The floes vary in size and are separated by dark leads, indicating active breakup under warmer conditions. The water appears to be a mix of blue and green, suggesting a combination of meltwater and other water sources. The overall scene suggests that the ice is in a transitional stage, with some areas potentially experiencing melting or fragmentation. Which portion displays the independent floating plate appear as the finest texture?']",,
1_2554_scat.jpg,"['The image depicts a blue ocean with a mosaic of thin floating ice floes scattered throughout the scene. The ice floes vary in size and are separated by dark leads, indicating an active breakup process. The presence of brash ice accumulation between the fragmented sheets suggests ongoing melting and fragmentation of the ice.']","['The image displays a blue-green ocean with a mosaic of thin floating ice floes scattered throughout the scene. The ice floes vary in size and are dispersed across the water, with some floes appearing partially melted. The presence of these thin, fragmented ice floes suggests that the ice is in a stage of melting and breaking up, possibly under warmer conditions. The dark leads between the floes indicate active ice breakup, which is a common occurrence in polar regions during the warmer months. Where is the region of loose floes appear as the most evident?']",,
1_660_scat.jpg,"['The image displays a blue-green ocean with a mosaic of thin floating ice floes separated by dark leads. The ice appears to be in a partially melted stage, with some floes showing signs of melting and others remaining relatively intact. The overall scene suggests that the ice is undergoing a process of breakup and fragmentation.']","['The image displays a blue-green hue, likely due to the presence of meltwater in the ice. The floating ice is characterized by a mix of small and large floes, with some floes appearing more compact and others dispersed. The floes are interconnected by dark leads, indicating active breakup and movement of the ice. The overall scene suggests that the ice is in a transitional stage, possibly experiencing warmer conditions that are causing the ice to melt and fragment. In which section can we detect the region of loose floes most clearly visible?']",,
1_762_scat.jpg,"['The image displays a blue-green polar ocean with a mosaic of thin floating ice floes separated by dark leads. The ice appears to be in a partially melted stage, with some areas showing signs of active breakup.']","['The image depicts a blue and green polar ocean scene with a mosaic of thin floes in a partial melt stage. The floes are dispersed and separated by dark leads, indicating active breakup under warmer conditions. The surface of the ice is smooth, with some ridges visible, and the overall appearance suggests that the ice is in the process of melting. The presence of a large body of water in the background further emphasizes the polar environment. At what location does the presence of patch of free ice be most noticeable?']",,
1_3063_scat.jpg,"['The image shows a blue-green ocean with a mosaic of thin floes in a partial melt stage, dispersed across the water surface. The floes are separated by dark leads, and some are partially melted, indicating a dynamic and changing ice condition.']","['The image displays a vast expanse of blue water with numerous small, dispersed floating ice floes scattered throughout the scene. The floes vary in size and are distributed across the water, creating a dynamic and ever-changing landscape. The presence of these small ice floes suggests that the ice may be in the process of breaking up or melting, as the larger, more solid ice sheets have likely already melted or submerged. The water between the floes appears to be relatively calm, indicating that the ice is not currently experiencing strong currents or winds. Overall, the image showcases the complex and dynamic nature of floating ice in the polar ocean. Which part of the image shows the free-drifting ice mass most clearly visible?']",,
1_3062_scat.jpg,"['The image displays a large area of floating ice with a mix of small and large floes, some of which are partially melted. The ice appears to be in a transitional stage, with some areas showing signs of melting and others still maintaining a more solid structure. The presence of both large and small floes suggests that the ice may be breaking up or experiencing some level of fragmentation.']","['The image displays a vast expanse of blue-green water with numerous small, fragmented floating ice floes scattered throughout the scene. The floes vary in size and are dispersed across the water, with some floes appearing closer to the foreground and others further away. The presence of these small ice floes suggests that the ice is in a transitional stage, possibly experiencing melting or breaking up under warmer conditions. The water appears to be relatively calm, with no signs of strong currents or turbulence. Overall, the image provides a snapshot of the dynamic and ever-changing nature of the polar ocean environment. Where is the fragmented floe zone most clearly visible?']",,
1_1165_scat.jpg,"['The image shows a blue-green ocean with a large area of floating ice, including small and large floes dispersed throughout the scene. The ice appears to be in a melted state, with some areas showing signs of melting. The overall scene suggests that the ice is in the process of breaking up and dispersing, possibly due to warmer conditions.']","['The image depicts a large expanse of blue-green water with numerous small, fragmented floes scattered throughout the scene. The floes vary in size and are dispersed across the water, with some floes appearing closer to the surface and others submerged slightly below. The water appears to be a mix of darker and lighter shades, possibly indicating varying depths and ice conditions. The presence of these small floes suggests that the ice is in a state of breakup and melting, with the floes possibly being part of a larger ice field that has fragmented over time. Where is the presence of broken ice raft be most noticeable?']",,
1_2767_scat.jpg,"['The image displays a large body of water with numerous small floating ice pieces dispersed throughout the area. The ice pieces vary in size and are spread across the water, creating a dynamic and ever-changing landscape. The presence of these ice pieces suggests that the water may be experiencing warmer temperatures or other environmental factors that are causing the ice to break up and float away.']","['The image features a large body of water with a mosaic of thin, partially melted floating ice floes. The floes are dispersed throughout the scene, with some floes being larger and more prominent than others. The ice appears to be in a partially melted state, as evidenced by the dark open leads between the floes. The water appears to be relatively calm, with no visible signs of strong currents or waves. The overall scene suggests that the ice is in the process of breaking up and dispersing under warmer conditions. Which area reveals the scattered ice blocks appear as the weakest surface consolidation?']",,
1_1164_scat.jpg,"['The image depicts a blue-green ocean with a mosaic of thin floating ice floes dispersed throughout the water. The ice floes vary in size and are separated by dark leads, indicating an active breakup process. The overall scene suggests that the ice is in a partially melted stage, with the water beneath the ice appearing darker than the surrounding ocean.']","[""The image depicts a blue-green ocean with a dense, fragmented floating ice field. The ice is dispersed and separated by dark leads, with some floes appearing partially melted. The tonal variations in the image suggest a mosaic of thin floes in a partial melt stage. The presence of these fragmented ice fields and the dark leads indicate that the ice is actively breaking up and moving under warmer conditions. This observation could be indicative of the ice's vulnerability to climate change and the potential for increased melting in the future. Where can we observe the patch of free ice appear as the clearest example?""]",,
1_1066_scat.jpg,"['The image depicts a large area of blue ocean with a mosaic of thin floes in a partial melt stage, dispersed across the water surface. The floes are separated by dark leads, indicating active breakup under warmer conditions. The overall scene suggests that the ice is experiencing melting and fragmentation, with the floes drifting and accumulating in various patterns.']","[""The image displays a vast expanse of blue ocean with a scattering of small, fragmented floes of ice dispersed throughout the scene. The floes vary in size and are distributed across the entire image, with some floes appearing closer to the viewer and others further away. The presence of these small floes suggests that the ice may be in the process of breaking up or melting, as the larger, more cohesive ice sheets are less common in this area. The overall scene represents a dynamic and changing environment, with the ice's condition and mobility likely influenced by factors such as temperature, wind, and ocean currents. Which part of the image shows the cluster of separated floes most clearly visible?""]",,
1_864_scat.jpg,"['The image displays a blue-green ocean with a large, green, and white floating ice mass in the center. The ice is dispersed and has a mosaic of thin floes, indicating a partial melt stage. The presence of a large mass of ice suggests that the area might be experiencing colder temperatures or higher levels of precipitation.']","['The image depicts a blue-green ocean with a large floating ice field dispersed across the scene. The ice is characterized by a mix of small and large floes, some of which are partially melted, indicating varying degrees of melting. The floes are dispersed throughout the area, with some floes being closer to the foreground and others further in the background. The overall appearance of the ice field suggests that it is in a transitional stage, with some areas potentially experiencing melting while others remain relatively stable. Where can we observe the loosely connected cluster most clearly visible?']",,
1_3161_scat.jpg,"['The image displays a mosaic of thin floes in a partially melted stage, with dark leads separating the floes. The floes are dispersed and scattered throughout the scene, indicating a dynamic and changing ice field.']","['The image displays a large, blue-green floating ice field with numerous small, dispersed floes scattered throughout the scene. The floes vary in size and are separated by dark leads, indicating active breakup and movement of the ice. The presence of ridged and snow-covered floes suggests that some areas of the ice are still relatively stable, while others are more susceptible to melting and fragmentation. Overall, the observed features suggest that the ice is in a transitional stage, with some areas beginning to melt and others still maintaining a degree of stability. Which part of the image shows the small buoyant ice section appear as the finest texture?']",,
1_661_scat.jpg,"['The image displays a mosaic of thin floes in a partially melted stage, with dark leads separating them. The floes are dispersed and scattered throughout the scene, indicating a dynamic and active ice field.']","['The image displays a vast expanse of blue ocean with numerous small floating ice floes dispersed throughout the scene. The floes vary in size and are distributed across the water, creating a dynamic and ever-changing landscape. The presence of these floes indicates that the ice is in a melting stage, as the ice breaks up and drifts away from the main ice sheet. The tonal variations and color gradients suggest that the ice is of varying thickness and that meltwater is present in the area. Overall, the image provides a glimpse into the dynamic behavior of sea ice in a changing environment. Where does the presence of independent floating plate be most noticeable?']",,
1_2752_scat.jpg,"['The image shows a blue ocean with a mosaic of thin floes in a partial melt stage, dispersed across the water. The floes vary in size and are separated by dark leads, indicating active breakup under warmer conditions.']","['The image displays a vast expanse of blue water with numerous small, dispersed floating ice floes scattered throughout the scene. The floes vary in size and are interconnected, creating a mosaic-like pattern. Some of the floes are partially melted, indicating a warmer environment. The water appears to be relatively calm, with no signs of strong currents or waves. The presence of these small, dispersed floes suggests that the ice is in a transitional stage, possibly breaking up or melting under warmer conditions. Where can we observe the presence of loosely connected cluster be most noticeable?']",,
1_458_scat.jpg,"['The image shows a mosaic of thin floating ice floes separated by dark leads, indicating a stage of melting and breakup.']","['The image displays a large expanse of blue-green water with numerous small, dispersed floating ice floes scattered throughout the scene. The ice floes vary in size and are dispersed across the water, creating a mosaic-like pattern. The water appears to be a mix of blue and green, possibly indicating a combination of fresh and saltwater. The presence of these small ice floes suggests that the ice is in a fragmented state, possibly due to ongoing melting or recent calving events. The overall scene presents a dynamic and ever-changing environment, with the ice continuously adapting to the surrounding conditions. Which area reveals the small buoyant ice section most clearly visible?']",,
1_865_scat.jpg,"['The image displays a large expanse of blue ocean with a few small floes of ice dispersed throughout the area. The ice appears to be in a melted state, with some floes being partially submerged in the water. The overall scene suggests that the ice is in the process of breaking up and melting.']","['The image displays a large expanse of blue water with numerous small, fragmented floes scattered throughout the scene. The floes vary in size and are dispersed across the water, creating a dynamic and ever-changing landscape. The presence of these small floes suggests that the ice may be in the process of breaking up or melting, as the ice appears to be in a state of transition. The water appears to be relatively calm, with no signs of strong currents or winds, which might contribute to the formation or movement of the ice. Overall, the image captures a snapshot of the dynamic nature of floating sea ice and the challenges it faces in the face of changing environmental conditions. Where is the unstable floating formation appear as the least consolidated structure?']",,
1_2753_scat.jpg,"['The image depicts a blue ocean with a mosaic of thin floes in a partial melt stage, dispersed throughout the scene.']","[""The image displays a vast expanse of blue water with numerous small, dispersed floating floes scattered throughout the area. The floes vary in size and shape, and some are partially melted, indicating a mix of ice conditions. The water appears to be relatively calm, with no visible signs of strong currents or turbulence. The presence of these small floes suggests that the ice may be in the process of breaking up or melting, as larger, more cohesive ice formations are less common in this area. The overall scene conveys a dynamic and ever-changing environment, where the ice's behavior is influenced by various factors such as temperature, wind, and ocean currents. Where can we observe the scattered ice blocks most clearly visible?""]",,
